Date,Open,High,Low,Close,Adj Close,Volume
2010-10-15,660.00,660.00,660.00,660.00,643.17,0.00
2010-10-18,660.00,660.00,660.00,660.00,643.17,0.00
2010-10-19,660.00,660.00,660.00,660.00,643.17,0.00
2010-10-20,660.00,660.00,660.00,660.00,643.17,0.00
2010-10-21,660.00,660.00,660.00,660.00,643.17,0.00
2010-10-22,660.00,660.00,660.00,660.00,643.17,0.00
2010-10-25,660.00,660.00,660.00,660.00,643.17,0.00
2010-10-26,660.00,660.00,660.00,660.00,643.17,0.00
2010-10-27,660.00,660.00,660.00,660.00,643.17,0.00
2010-10-28,660.00,660.00,660.00,660.00,643.17,0.00
2010-10-29,660.00,660.00,660.00,660.00,643.17,0.00
2010-11-01,660.00,660.00,660.00,660.00,643.17,0.00
2010-11-02,660.00,660.00,660.00,660.00,643.17,0.00
2010-11-03,660.00,660.00,660.00,660.00,643.17,0.00
2010-11-04,660.00,660.00,660.00,660.00,643.17,0.00
2010-11-05,660.00,660.00,660.00,660.00,643.17,0.00
2010-11-08,660.00,660.00,660.00,660.00,643.17,0.00
2010-11-09,660.00,660.00,660.00,660.00,643.17,0.00
2010-11-10,660.00,660.00,660.00,660.00,643.17,0.00
2010-11-11,660.00,660.00,660.00,660.00,643.17,0.00
2010-11-12,660.00,660.00,660.00,660.00,643.17,0.00
2010-11-15,660.00,660.00,660.00,660.00,643.17,0.00
2010-11-16,660.00,660.00,660.00,660.00,643.17,0.00
2010-11-17,660.00,660.00,660.00,660.00,643.17,0.00
2010-11-18,660.00,660.00,660.00,660.00,643.17,0.00
2010-11-19,660.00,660.00,660.00,660.00,643.17,0.00
2010-11-22,660.00,660.00,660.00,660.00,643.17,0.00
2010-11-23,660.00,660.00,660.00,660.00,643.17,0.00
2010-11-24,660.00,660.00,660.00,660.00,643.17,0.00
2010-11-26,660.00,660.00,660.00,660.00,643.17,0.00
2010-11-29,660.00,660.00,660.00,660.00,643.17,0.00
2010-11-30,660.00,660.00,660.00,660.00,643.17,0.00
2010-12-01,660.00,660.00,660.00,660.00,643.17,0.00
2010-12-02,660.00,660.00,660.00,660.00,643.17,0.00
2010-12-03,660.00,660.00,660.00,660.00,643.17,0.00
2010-12-06,660.00,660.00,660.00,660.00,643.17,0.00
2010-12-07,660.00,660.00,660.00,660.00,643.17,0.00
2010-12-08,660.00,660.00,660.00,660.00,643.17,0.00
2010-12-09,660.00,660.00,660.00,660.00,643.17,0.00
2010-12-10,660.00,660.00,660.00,660.00,643.17,0.00
2010-12-13,660.00,660.00,660.00,660.00,643.17,0.00
2010-12-14,660.00,660.00,660.00,660.00,643.17,0.00
2010-12-15,660.00,660.00,660.00,660.00,643.17,0.00
2010-12-16,660.00,660.00,660.00,660.00,643.17,0.00
2010-12-17,660.00,660.00,660.00,660.00,643.17,0.00
2010-12-20,660.00,660.00,660.00,660.00,643.17,0.00
2010-12-21,660.00,660.00,660.00,660.00,643.17,0.00
2010-12-22,660.00,660.00,660.00,660.00,643.17,0.00
2010-12-23,660.00,660.00,660.00,660.00,643.17,0.00
2010-12-27,660.00,660.00,660.00,660.00,643.17,0.00
2010-12-28,660.00,660.00,660.00,660.00,643.17,0.00
2010-12-29,660.00,660.00,660.00,660.00,643.17,0.00
2010-12-30,660.00,660.00,660.00,660.00,643.17,0.00
2010-12-31,660.00,660.00,660.00,660.00,643.17,0.00
2011-01-03,660.00,660.00,660.00,660.00,643.17,0.00
2011-01-04,660.00,660.00,660.00,660.00,643.17,0.00
2011-01-05,660.00,660.00,660.00,660.00,643.17,0.00
2011-01-06,830.00,830.00,830.00,830.00,808.84,100.00
2011-01-07,830.00,830.00,830.00,830.00,808.84,0.00
2011-01-10,830.00,830.00,830.00,830.00,808.84,0.00
2011-01-11,830.00,830.00,830.00,830.00,808.84,0.00
2011-01-12,830.00,830.00,830.00,830.00,808.84,0.00
2011-01-13,830.00,830.00,830.00,830.00,808.84,0.00
2011-01-14,830.00,830.00,830.00,830.00,808.84,0.00
2011-01-18,830.00,830.00,830.00,830.00,808.84,0.00
2011-01-19,830.00,830.00,830.00,830.00,808.84,0.00
2011-01-20,830.00,830.00,830.00,830.00,808.84,0.00
2011-01-21,830.00,830.00,830.00,830.00,808.84,0.00
2011-01-24,830.00,830.00,830.00,830.00,808.84,0.00
2011-01-25,830.00,830.00,830.00,830.00,808.84,0.00
2011-01-26,830.00,830.00,830.00,830.00,808.84,0.00
2011-01-27,448.00,448.00,448.00,448.00,436.58,100.00
2011-01-28,448.00,448.00,448.00,448.00,436.58,0.00
2011-01-31,448.00,448.00,448.00,448.00,436.58,0.00
2011-02-01,448.00,448.00,448.00,448.00,436.58,0.00
2011-02-02,448.00,448.00,448.00,448.00,436.58,0.00
2011-02-03,448.00,448.00,448.00,448.00,436.58,0.00
2011-02-04,830.00,830.00,830.00,830.00,808.84,0.00
2011-02-07,830.00,830.00,830.00,830.00,808.84,0.00
2011-02-08,830.00,830.00,830.00,830.00,808.84,0.00
2011-02-09,830.00,830.00,830.00,830.00,808.84,0.00
2011-02-10,830.00,830.00,830.00,830.00,808.84,0.00
2011-02-11,830.00,830.00,830.00,830.00,808.84,0.00
2011-02-14,830.00,830.00,830.00,830.00,808.84,0.00
2011-02-15,830.00,830.00,830.00,830.00,808.84,0.00
2011-02-16,830.00,830.00,830.00,830.00,808.84,0.00
2011-02-17,830.00,830.00,830.00,830.00,808.84,0.00
2011-02-18,830.00,830.00,830.00,830.00,808.84,0.00
2011-02-22,830.00,830.00,830.00,830.00,808.84,0.00
2011-02-23,830.00,830.00,830.00,830.00,808.84,0.00
2011-02-24,830.00,830.00,830.00,830.00,808.84,0.00
2011-02-25,830.00,830.00,830.00,830.00,808.84,0.00
2011-02-28,830.00,830.00,830.00,830.00,808.84,0.00
2011-03-01,830.00,830.00,830.00,830.00,808.84,0.00
2011-03-02,830.00,830.00,830.00,830.00,808.84,0.00
2011-03-03,830.00,830.00,830.00,830.00,808.84,0.00
2011-03-04,830.00,830.00,830.00,830.00,808.84,0.00
2011-03-07,830.00,830.00,830.00,830.00,808.84,0.00
2011-03-08,830.00,830.00,830.00,830.00,808.84,0.00
2011-03-09,830.00,830.00,830.00,830.00,808.84,0.00
2011-03-10,830.00,830.00,830.00,830.00,808.84,0.00
2011-03-11,830.00,830.00,830.00,830.00,808.84,0.00
2011-03-14,830.00,830.00,830.00,830.00,808.84,0.00
2011-03-15,830.00,830.00,830.00,830.00,808.84,0.00
2011-03-16,830.00,830.00,830.00,830.00,808.84,0.00
2011-03-17,830.00,830.00,830.00,830.00,808.84,0.00
2011-03-18,830.00,830.00,830.00,830.00,808.84,0.00
2011-03-21,830.00,830.00,830.00,830.00,808.84,0.00
2011-03-22,830.00,830.00,830.00,830.00,808.84,0.00
2011-03-23,830.00,830.00,830.00,830.00,808.84,0.00
2011-03-24,830.00,830.00,830.00,830.00,808.84,0.00
2011-03-25,830.00,830.00,830.00,830.00,808.84,0.00
2011-03-28,830.00,830.00,830.00,830.00,808.84,0.00
2011-03-29,830.00,830.00,830.00,830.00,808.84,0.00
2011-03-30,830.00,830.00,830.00,830.00,808.84,0.00
2011-03-31,830.00,830.00,830.00,830.00,808.84,0.00
2011-04-01,830.00,830.00,830.00,830.00,808.84,0.00
2011-04-04,830.00,830.00,830.00,830.00,808.84,0.00
2011-04-05,830.00,830.00,830.00,830.00,808.84,0.00
2011-04-06,830.00,830.00,830.00,830.00,808.84,0.00
2011-04-07,830.00,830.00,830.00,830.00,808.84,0.00
2011-04-08,830.00,830.00,830.00,830.00,808.84,0.00
2011-04-11,830.00,830.00,830.00,830.00,808.84,0.00
2011-04-12,830.00,830.00,830.00,830.00,808.84,0.00
2011-04-13,830.00,830.00,830.00,830.00,808.84,0.00
2011-04-14,830.00,830.00,830.00,830.00,808.84,0.00
2011-04-15,830.00,830.00,830.00,830.00,808.84,0.00
2011-04-18,800.00,800.00,800.00,800.00,779.60,100.00
2011-04-19,800.00,800.00,800.00,800.00,779.60,0.00
2011-04-20,800.00,800.00,800.00,800.00,779.60,0.00
2011-04-21,800.00,800.00,800.00,800.00,779.60,0.00
2011-04-25,800.00,800.00,800.00,800.00,779.60,0.00
2011-04-26,800.00,800.00,800.00,800.00,779.60,0.00
2011-04-27,800.00,800.00,800.00,800.00,779.60,0.00
2011-04-28,800.00,800.00,800.00,800.00,779.60,0.00
2011-04-29,800.00,800.00,800.00,800.00,779.60,0.00
2011-05-02,800.00,800.00,800.00,800.00,779.60,0.00
2011-05-03,800.00,800.00,800.00,800.00,779.60,0.00
2011-05-04,800.00,800.00,800.00,800.00,779.60,0.00
2011-05-05,800.00,800.00,800.00,800.00,779.60,0.00
2011-05-06,800.00,800.00,800.00,800.00,779.60,0.00
2011-05-09,800.00,800.00,800.00,800.00,779.60,0.00
2011-05-10,800.00,800.00,800.00,800.00,779.60,0.00
2011-05-11,800.00,800.00,800.00,800.00,779.60,0.00
2011-05-12,800.00,800.00,800.00,800.00,779.60,0.00
2011-05-13,800.00,800.00,800.00,800.00,779.60,0.00
2011-05-16,800.00,800.00,800.00,800.00,779.60,0.00
2011-05-17,800.00,800.00,800.00,800.00,779.60,0.00
2011-05-18,800.00,800.00,800.00,800.00,779.60,0.00
2011-05-19,800.00,800.00,800.00,800.00,779.60,0.00
2011-05-20,800.00,800.00,800.00,800.00,779.60,0.00
2011-05-23,800.00,800.00,800.00,800.00,779.60,0.00
2011-05-24,800.00,800.00,800.00,800.00,779.60,0.00
2011-05-25,800.00,800.00,800.00,800.00,779.60,0.00
2011-05-26,800.00,800.00,800.00,800.00,779.60,0.00
2011-05-27,800.00,800.00,800.00,800.00,779.60,0.00
2011-05-31,800.00,800.00,800.00,800.00,779.60,0.00
2011-06-01,800.00,800.00,800.00,800.00,779.60,0.00
2011-06-02,800.00,800.00,800.00,800.00,779.60,0.00
2011-06-03,800.00,800.00,800.00,800.00,779.60,0.00
2011-06-06,800.00,800.00,800.00,800.00,779.60,0.00
2011-06-07,800.00,800.00,800.00,800.00,779.60,0.00
2011-06-08,800.00,800.00,800.00,800.00,779.60,0.00
2011-06-09,800.00,800.00,800.00,800.00,779.60,0.00
2011-06-10,800.00,800.00,800.00,800.00,779.60,0.00
2011-06-13,800.00,800.00,800.00,800.00,779.60,0.00
2011-06-14,800.00,800.00,800.00,800.00,779.60,0.00
2011-06-15,800.00,800.00,800.00,800.00,779.60,0.00
2011-06-16,800.00,800.00,800.00,800.00,779.60,0.00
2011-06-17,800.00,800.00,800.00,800.00,779.60,0.00
2011-06-20,800.00,800.00,800.00,800.00,779.60,0.00
2011-06-21,800.00,800.00,800.00,800.00,779.60,0.00
2011-06-22,800.00,800.00,800.00,800.00,779.60,0.00
2011-06-23,800.00,800.00,800.00,800.00,779.60,0.00
2011-06-24,800.00,800.00,800.00,800.00,779.60,0.00
2011-06-27,800.00,800.00,800.00,800.00,779.60,0.00
2011-06-28,800.00,800.00,800.00,800.00,779.60,0.00
2011-06-29,800.00,800.00,800.00,800.00,779.60,0.00
2011-06-30,800.00,800.00,800.00,800.00,779.60,0.00
2011-07-01,800.00,800.00,800.00,800.00,779.60,0.00
2011-07-05,800.00,800.00,800.00,800.00,779.60,0.00
2011-07-06,800.00,800.00,800.00,800.00,779.60,0.00
2011-07-07,800.00,800.00,800.00,800.00,779.60,0.00
2011-07-08,800.00,800.00,800.00,800.00,779.60,0.00
2011-07-11,800.00,800.00,800.00,800.00,779.60,0.00
2011-07-12,800.00,800.00,800.00,800.00,779.60,0.00
2011-07-13,800.00,800.00,800.00,800.00,779.60,0.00
2011-07-14,800.00,800.00,800.00,800.00,779.60,0.00
2011-07-15,800.00,800.00,800.00,800.00,779.60,0.00
2011-07-18,800.00,800.00,800.00,800.00,779.60,0.00
2011-07-19,800.00,800.00,800.00,800.00,779.60,0.00
2011-07-20,800.00,800.00,800.00,800.00,779.60,0.00
2011-07-21,800.00,800.00,800.00,800.00,779.60,0.00
2011-07-22,800.00,800.00,800.00,800.00,779.60,0.00
2011-07-25,800.00,800.00,800.00,800.00,779.60,0.00
2011-07-26,800.00,800.00,800.00,800.00,779.60,0.00
2011-07-27,800.00,800.00,800.00,800.00,779.60,0.00
2011-07-28,800.00,800.00,800.00,800.00,779.60,0.00
2011-07-29,800.00,800.00,800.00,800.00,779.60,0.00
2011-08-01,800.00,800.00,800.00,800.00,779.60,0.00
2011-08-02,800.00,800.00,800.00,800.00,779.60,0.00
2011-08-03,800.00,800.00,800.00,800.00,779.60,0.00
2011-08-04,800.00,800.00,800.00,800.00,779.60,0.00
2011-08-05,800.00,800.00,800.00,800.00,779.60,0.00
2011-08-08,800.00,800.00,800.00,800.00,779.60,0.00
2011-08-09,800.00,800.00,800.00,800.00,779.60,0.00
2011-08-10,800.00,800.00,800.00,800.00,779.60,0.00
2011-08-11,800.00,800.00,800.00,800.00,779.60,0.00
2011-08-12,800.00,800.00,800.00,800.00,779.60,0.00
2011-08-15,800.00,800.00,800.00,800.00,779.60,0.00
2011-08-16,800.00,800.00,800.00,800.00,779.60,0.00
2011-08-17,800.00,800.00,800.00,800.00,779.60,0.00
2011-08-18,800.00,800.00,800.00,800.00,779.60,0.00
2011-08-19,800.00,800.00,800.00,800.00,779.60,0.00
2011-08-22,800.00,800.00,800.00,800.00,779.60,0.00
2011-08-23,800.00,800.00,800.00,800.00,779.60,0.00
2011-08-24,800.00,800.00,800.00,800.00,779.60,0.00
2011-08-25,800.00,800.00,800.00,800.00,779.60,0.00
2011-08-26,800.00,800.00,800.00,800.00,779.60,0.00
2011-08-29,800.00,800.00,800.00,800.00,779.60,0.00
2011-08-30,800.00,800.00,800.00,800.00,779.60,0.00
2011-08-31,800.00,800.00,800.00,800.00,779.60,0.00
2011-09-01,800.00,800.00,800.00,800.00,779.60,0.00
2011-09-02,800.00,800.00,800.00,800.00,779.60,0.00
2011-09-06,800.00,800.00,800.00,800.00,779.60,0.00
2011-09-07,800.00,800.00,800.00,800.00,779.60,0.00
2011-09-08,800.00,800.00,800.00,800.00,779.60,0.00
2011-09-09,800.00,800.00,800.00,800.00,779.60,0.00
2011-09-12,800.00,800.00,800.00,800.00,779.60,0.00
2011-09-13,800.00,800.00,800.00,800.00,779.60,0.00
2011-09-14,800.00,800.00,800.00,800.00,779.60,0.00
2011-09-15,800.00,800.00,800.00,800.00,779.60,0.00
2011-09-16,800.00,800.00,800.00,800.00,779.60,0.00
2011-09-19,800.00,800.00,800.00,800.00,779.60,0.00
2011-09-20,800.00,800.00,800.00,800.00,779.60,0.00
2011-09-21,800.00,800.00,800.00,800.00,779.60,0.00
2011-09-22,800.00,800.00,800.00,800.00,779.60,0.00
2011-09-23,800.00,800.00,800.00,800.00,779.60,0.00
2011-09-26,800.00,800.00,800.00,800.00,779.60,0.00
2011-09-27,800.00,800.00,800.00,800.00,779.60,0.00
2011-09-28,800.00,800.00,800.00,800.00,779.60,0.00
2011-09-29,800.00,800.00,800.00,800.00,779.60,0.00
2011-09-30,800.00,800.00,800.00,800.00,779.60,0.00
2011-10-03,800.00,800.00,800.00,800.00,779.60,0.00
2011-10-04,800.00,800.00,800.00,800.00,779.60,0.00
2011-10-05,800.00,800.00,800.00,800.00,779.60,0.00
2011-10-06,800.00,800.00,800.00,800.00,779.60,0.00
2011-10-07,800.00,800.00,800.00,800.00,779.60,0.00
2011-10-10,800.00,800.00,800.00,800.00,779.60,0.00
2011-10-11,800.00,800.00,800.00,800.00,779.60,0.00
2011-10-12,800.00,800.00,800.00,800.00,779.60,0.00
2011-10-13,800.00,800.00,800.00,800.00,779.60,0.00
2011-10-14,800.00,800.00,800.00,800.00,779.60,0.00
2011-10-17,800.00,800.00,800.00,800.00,779.60,0.00
2011-10-18,800.00,800.00,800.00,800.00,779.60,0.00
2011-10-19,800.00,800.00,800.00,800.00,779.60,0.00
2011-10-20,800.00,800.00,800.00,800.00,779.60,0.00
2011-10-21,800.00,800.00,800.00,800.00,779.60,0.00
2011-10-24,800.00,800.00,800.00,800.00,779.60,0.00
2011-10-25,800.00,800.00,800.00,800.00,779.60,0.00
2011-10-26,800.00,800.00,800.00,800.00,779.60,0.00
2011-10-27,800.00,800.00,800.00,800.00,779.60,0.00
2011-10-28,800.00,800.00,800.00,800.00,779.60,0.00
2011-10-31,800.00,800.00,800.00,800.00,779.60,0.00
2011-11-01,800.00,800.00,800.00,800.00,779.60,0.00
2011-11-02,800.00,800.00,800.00,800.00,779.60,0.00
2011-11-03,800.00,800.00,800.00,800.00,779.60,0.00
2011-11-04,800.00,800.00,800.00,800.00,779.60,0.00
2011-11-07,800.00,800.00,800.00,800.00,779.60,0.00
2011-11-08,800.00,800.00,800.00,800.00,779.60,0.00
2011-11-09,800.00,800.00,800.00,800.00,779.60,0.00
2011-11-10,800.00,800.00,800.00,800.00,779.60,0.00
2011-11-11,800.00,800.00,800.00,800.00,779.60,0.00
2011-11-14,800.00,800.00,800.00,800.00,779.60,0.00
2011-11-15,800.00,800.00,800.00,800.00,779.60,0.00
2011-11-16,800.00,800.00,800.00,800.00,779.60,0.00
2011-11-17,800.00,800.00,800.00,800.00,779.60,0.00
2011-11-18,800.00,800.00,800.00,800.00,779.60,0.00
2011-11-21,835.00,835.00,835.00,835.00,813.71,100.00
2011-11-22,835.00,835.00,835.00,835.00,813.71,0.00
2011-11-23,835.00,835.00,835.00,835.00,813.71,0.00
2011-11-25,835.00,835.00,835.00,835.00,813.71,0.00
2011-11-28,835.00,835.00,835.00,835.00,813.71,0.00
2011-11-29,835.00,835.00,835.00,835.00,813.71,0.00
2011-11-30,835.00,835.00,835.00,835.00,813.71,0.00
2011-12-01,835.00,835.00,835.00,835.00,813.71,0.00
2011-12-02,835.00,835.00,835.00,835.00,813.71,0.00
2011-12-05,835.00,835.00,835.00,835.00,813.71,0.00
2011-12-06,835.00,835.00,835.00,835.00,813.71,0.00
2011-12-07,835.00,835.00,835.00,835.00,813.71,0.00
2011-12-08,835.00,835.00,835.00,835.00,813.71,0.00
2011-12-09,835.00,835.00,835.00,835.00,813.71,0.00
2011-12-12,835.00,835.00,835.00,835.00,813.71,0.00
2011-12-13,835.00,835.00,835.00,835.00,813.71,0.00
2011-12-14,835.00,835.00,835.00,835.00,813.71,0.00
2011-12-15,835.00,835.00,835.00,835.00,813.71,0.00
2011-12-16,835.00,835.00,835.00,835.00,813.71,0.00
2011-12-19,835.00,835.00,835.00,835.00,813.71,0.00
2011-12-20,835.00,835.00,835.00,835.00,813.71,0.00
2011-12-21,835.00,835.00,835.00,835.00,813.71,0.00
2011-12-22,835.00,835.00,835.00,835.00,813.71,0.00
2011-12-23,835.00,835.00,835.00,835.00,813.71,0.00
2011-12-27,835.00,835.00,835.00,835.00,813.71,0.00
2011-12-28,835.00,835.00,835.00,835.00,813.71,0.00
2011-12-29,835.00,835.00,835.00,835.00,813.71,0.00
2011-12-30,835.00,835.00,835.00,835.00,813.71,0.00
2012-01-03,835.00,835.00,835.00,835.00,813.71,0.00
2012-01-04,835.00,835.00,835.00,835.00,813.71,0.00
2012-01-05,835.00,835.00,835.00,835.00,813.71,0.00
2012-01-06,835.00,835.00,835.00,835.00,813.71,0.00
2012-01-09,835.00,835.00,835.00,835.00,813.71,0.00
2012-01-10,835.00,835.00,835.00,835.00,813.71,0.00
2012-01-11,835.00,835.00,835.00,835.00,813.71,0.00
2012-01-12,835.00,835.00,835.00,835.00,813.71,0.00
2012-01-13,835.00,835.00,835.00,835.00,813.71,0.00
2012-01-17,835.00,835.00,835.00,835.00,813.71,0.00
2012-01-18,907.00,907.00,907.00,907.00,883.87,100.00
2012-01-19,907.00,907.00,907.00,907.00,883.87,0.00
2012-01-20,907.00,907.00,907.00,907.00,883.87,0.00
2012-01-23,907.00,907.00,907.00,907.00,883.87,0.00
2012-01-24,907.00,907.00,907.00,907.00,883.87,0.00
2012-01-25,907.00,907.00,907.00,907.00,883.87,0.00
2012-01-26,907.00,907.00,907.00,907.00,883.87,0.00
2012-01-27,907.00,907.00,907.00,907.00,883.87,0.00
2012-01-30,907.00,907.00,907.00,907.00,883.87,0.00
2012-01-31,907.00,907.00,907.00,907.00,883.87,0.00
2012-02-01,907.00,907.00,907.00,907.00,883.87,0.00
2012-02-02,907.00,907.00,907.00,907.00,883.87,0.00
2012-02-03,907.00,907.00,907.00,907.00,883.87,0.00
2012-02-06,965.00,965.00,965.00,965.00,940.39,100.00
2012-02-07,965.00,965.00,965.00,965.00,940.39,0.00
2012-02-08,965.00,965.00,965.00,965.00,940.39,0.00
2012-02-09,965.00,965.00,965.00,965.00,940.39,0.00
2012-02-10,965.00,965.00,965.00,965.00,940.39,0.00
2012-02-13,965.00,965.00,965.00,965.00,940.39,0.00
2012-02-14,965.00,965.00,965.00,965.00,940.39,0.00
2012-02-15,965.00,965.00,965.00,965.00,940.39,0.00
2012-02-16,965.00,965.00,965.00,965.00,940.39,0.00
2012-02-17,965.00,965.00,965.00,965.00,940.39,0.00
2012-02-21,965.00,965.00,965.00,965.00,940.39,0.00
2012-02-22,965.00,965.00,965.00,965.00,940.39,0.00
2012-02-23,965.00,965.00,965.00,965.00,940.39,0.00
2012-02-24,965.00,965.00,965.00,965.00,940.39,0.00
2012-02-27,965.00,965.00,965.00,965.00,940.39,0.00
2012-02-28,965.00,965.00,965.00,965.00,940.39,0.00
2012-02-29,965.00,965.00,965.00,965.00,940.39,0.00
2012-03-01,965.00,965.00,965.00,965.00,940.39,0.00
2012-03-02,965.00,965.00,965.00,965.00,940.39,0.00
2012-03-05,965.00,965.00,965.00,965.00,940.39,0.00
2012-03-06,965.00,965.00,965.00,965.00,940.39,0.00
2012-03-07,965.00,965.00,965.00,965.00,940.39,0.00
2012-03-08,965.00,965.00,965.00,965.00,940.39,0.00
2012-03-09,965.00,965.00,965.00,965.00,940.39,0.00
2012-03-12,965.00,965.00,965.00,965.00,940.39,0.00
2012-03-13,965.00,965.00,965.00,965.00,940.39,0.00
2012-03-14,965.00,965.00,965.00,965.00,940.39,0.00
2012-03-15,965.00,965.00,965.00,965.00,940.39,0.00
2012-03-16,965.00,965.00,965.00,965.00,940.39,0.00
2012-03-19,965.00,965.00,965.00,965.00,940.39,0.00
2012-03-20,965.00,965.00,965.00,965.00,940.39,0.00
2012-03-21,965.00,965.00,965.00,965.00,940.39,0.00
2012-03-22,965.00,965.00,965.00,965.00,940.39,0.00
2012-03-23,965.00,965.00,965.00,965.00,940.39,0.00
2012-03-26,965.00,965.00,965.00,965.00,940.39,0.00
2012-03-27,965.00,965.00,965.00,965.00,940.39,0.00
2012-03-28,965.00,965.00,965.00,965.00,940.39,0.00
2012-03-29,965.00,965.00,965.00,965.00,940.39,0.00
2012-03-30,965.00,965.00,965.00,965.00,940.39,0.00
2012-04-02,965.00,965.00,965.00,965.00,940.39,0.00
2012-04-03,965.00,965.00,965.00,965.00,940.39,0.00
2012-04-04,965.00,965.00,965.00,965.00,940.39,0.00
2012-04-05,1210.00,1210.00,1210.00,1210.00,1179.15,100.00
2012-04-09,1210.00,1210.00,1210.00,1210.00,1179.15,0.00
2012-04-10,1210.00,1210.00,1210.00,1210.00,1179.15,0.00
2012-04-11,1210.00,1210.00,1210.00,1210.00,1179.15,0.00
2012-04-12,1210.00,1210.00,1210.00,1210.00,1179.15,0.00
2012-04-13,1210.00,1210.00,1210.00,1210.00,1179.15,0.00
2012-04-16,1210.00,1210.00,1210.00,1210.00,1179.15,0.00
2012-04-17,1210.00,1210.00,1210.00,1210.00,1179.15,0.00
2012-04-18,1210.00,1210.00,1210.00,1210.00,1179.15,0.00
2012-04-19,1210.00,1210.00,1210.00,1210.00,1179.15,0.00
2012-04-20,1210.00,1210.00,1210.00,1210.00,1179.15,0.00
2012-04-23,1210.00,1210.00,1210.00,1210.00,1179.15,0.00
2012-04-24,1210.00,1210.00,1210.00,1210.00,1179.15,0.00
2012-04-25,1210.00,1210.00,1210.00,1210.00,1179.15,0.00
2012-04-26,1210.00,1210.00,1210.00,1210.00,1179.15,0.00
2012-04-27,1210.00,1210.00,1210.00,1210.00,1179.15,0.00
2012-04-30,1210.00,1210.00,1210.00,1210.00,1179.15,0.00
2012-05-01,1250.00,1250.00,1250.00,1250.00,1218.13,100.00
2012-05-02,1250.00,1250.00,1250.00,1250.00,1218.13,0.00
2012-05-03,1250.00,1250.00,1250.00,1250.00,1218.13,0.00
2012-05-04,1250.00,1250.00,1250.00,1250.00,1218.13,0.00
2012-05-07,1250.00,1250.00,1250.00,1250.00,1218.13,0.00
2012-05-08,1250.00,1250.00,1250.00,1250.00,1218.13,0.00
2012-05-09,1250.00,1250.00,1250.00,1250.00,1218.13,0.00
2012-05-10,1250.00,1250.00,1250.00,1250.00,1218.13,0.00
2012-05-11,1250.00,1250.00,1250.00,1250.00,1218.13,0.00
2012-05-14,1250.00,1250.00,1250.00,1250.00,1218.13,0.00
2012-05-15,1250.00,1250.00,1250.00,1250.00,1218.13,0.00
2012-05-16,1250.00,1250.00,1250.00,1250.00,1218.13,0.00
2012-05-17,1046.23,1046.23,1046.23,1046.23,1019.55,1100.00
2012-05-18,1003.02,1003.02,1003.02,1003.02,977.44,300.00
2012-05-21,1003.02,1003.02,1003.02,1003.02,977.44,0.00
2012-05-22,1003.02,1003.02,1003.02,1003.02,977.44,0.00
2012-05-23,1003.02,1003.02,1003.02,1003.02,977.44,0.00
2012-05-24,1003.02,1003.02,1003.02,1003.02,977.44,0.00
2012-05-25,1003.02,1003.02,1003.02,1003.02,977.44,0.00
2012-05-29,1003.02,1003.02,1003.02,1003.02,977.44,0.00
2012-05-30,1003.02,1003.02,1003.02,1003.02,977.44,0.00
2012-05-31,1003.02,1003.02,1003.02,1003.02,977.44,0.00
2012-06-01,1003.02,1003.02,1003.02,1003.02,977.44,0.00
2012-06-04,1000.00,1000.00,1000.00,1000.00,974.50,0.00
2012-06-05,1000.00,1000.00,1000.00,1000.00,974.50,0.00
2012-06-06,1000.00,1000.00,1000.00,1000.00,974.50,0.00
2012-06-07,1000.00,1000.00,1000.00,1000.00,974.50,0.00
2012-06-08,1000.00,1000.00,1000.00,1000.00,974.50,0.00
2012-06-11,1000.00,1000.00,1000.00,1000.00,974.50,0.00
2012-06-12,1000.00,1000.00,1000.00,1000.00,974.50,0.00
2012-06-13,1000.00,1000.00,1000.00,1000.00,974.50,0.00
2012-06-14,1000.00,1000.00,1000.00,1000.00,974.50,0.00
2012-06-15,1000.00,1000.00,1000.00,1000.00,974.50,0.00
2012-06-18,1000.00,1000.00,1000.00,1000.00,974.50,0.00
2012-06-19,1000.00,1000.00,1000.00,1000.00,974.50,0.00
2012-06-20,1000.00,1000.00,1000.00,1000.00,974.50,0.00
2012-06-21,1000.00,1000.00,1000.00,1000.00,974.50,0.00
2012-06-22,1000.00,1000.00,1000.00,1000.00,974.50,0.00
2012-06-25,1000.00,1000.00,1000.00,1000.00,974.50,0.00
2012-06-26,1000.00,1000.00,1000.00,1000.00,974.50,0.00
2012-06-27,1000.00,1000.00,1000.00,1000.00,974.50,0.00
2012-06-28,1000.00,1000.00,1000.00,1000.00,974.50,0.00
2012-06-29,1000.00,1000.00,1000.00,1000.00,974.50,0.00
2012-07-02,1000.00,1000.00,1000.00,1000.00,974.50,0.00
2012-07-03,1000.00,1000.00,1000.00,1000.00,974.50,0.00
2012-07-05,1000.00,1000.00,1000.00,1000.00,974.50,0.00
2012-07-06,1000.00,1000.00,1000.00,1000.00,974.50,0.00
2012-07-09,1000.00,1000.00,1000.00,1000.00,974.50,0.00
2012-07-10,1000.00,1000.00,1000.00,1000.00,974.50,0.00
2012-07-11,1000.00,1000.00,1000.00,1000.00,974.50,0.00
2012-07-12,1000.00,1000.00,1000.00,1000.00,974.50,0.00
2012-07-13,1000.00,1000.00,1000.00,1000.00,974.50,0.00
2012-07-16,1000.00,1000.00,1000.00,1000.00,974.50,0.00
2012-07-17,1000.00,1000.00,1000.00,1000.00,974.50,0.00
2012-07-18,1000.00,1000.00,1000.00,1000.00,974.50,0.00
2012-07-19,1000.00,1000.00,1000.00,1000.00,974.50,0.00
2012-07-20,1000.00,1000.00,1000.00,1000.00,974.50,0.00
2012-07-23,1000.00,1000.00,1000.00,1000.00,974.50,0.00
2012-07-24,1000.00,1000.00,1000.00,1000.00,974.50,0.00
2012-07-25,1000.00,1000.00,1000.00,1000.00,974.50,0.00
2012-07-26,1000.00,1000.00,1000.00,1000.00,974.50,0.00
2012-07-27,1000.00,1000.00,1000.00,1000.00,974.50,0.00
2012-07-30,1000.00,1000.00,1000.00,1000.00,974.50,0.00
2012-07-31,1000.00,1000.00,1000.00,1000.00,974.50,0.00
2012-08-01,1000.00,1000.00,1000.00,1000.00,974.50,0.00
2012-08-02,1000.00,1000.00,1000.00,1000.00,974.50,0.00
2012-08-03,1000.00,1000.00,1000.00,1000.00,974.50,0.00
2012-08-06,1200.00,1200.00,1200.00,1200.00,1169.40,200.00
2012-08-07,1148.43,1148.43,1148.43,1148.43,1119.15,3400.00
2012-08-08,1148.43,1148.43,1148.43,1148.43,1119.15,0.00
2012-08-09,1148.43,1148.43,1148.43,1148.43,1119.15,0.00
2012-08-10,1148.43,1148.43,1148.43,1148.43,1119.15,0.00
2012-08-13,1210.00,1210.00,1210.00,1210.00,1179.15,100.00
2012-08-14,1210.00,1210.00,1210.00,1210.00,1179.15,0.00
2012-08-15,1210.00,1210.00,1210.00,1210.00,1179.15,0.00
2012-08-16,1210.00,1210.00,1210.00,1210.00,1179.15,0.00
2012-08-17,1210.00,1210.00,1210.00,1210.00,1179.15,0.00
2012-08-20,1210.00,1210.00,1210.00,1210.00,1179.15,0.00
2012-08-21,1210.00,1210.00,1210.00,1210.00,1179.15,0.00
2012-08-22,1210.00,1210.00,1210.00,1210.00,1179.15,0.00
2012-08-23,1210.00,1210.00,1210.00,1210.00,1179.15,0.00
2012-08-24,1210.00,1210.00,1210.00,1210.00,1179.15,0.00
2012-08-27,1210.00,1210.00,1210.00,1210.00,1179.15,0.00
2012-08-28,1210.00,1210.00,1210.00,1210.00,1179.15,0.00
2012-08-29,1210.00,1210.00,1210.00,1210.00,1179.15,0.00
2012-08-30,1210.00,1210.00,1210.00,1210.00,1179.15,0.00
2012-08-31,1210.00,1210.00,1210.00,1210.00,1179.15,0.00
2012-09-04,1210.00,1210.00,1210.00,1210.00,1179.15,0.00
2012-09-05,1210.00,1210.00,1210.00,1210.00,1179.15,0.00
2012-09-06,1210.00,1210.00,1210.00,1210.00,1179.15,0.00
2012-09-07,1210.00,1210.00,1210.00,1210.00,1179.15,0.00
2012-09-10,1210.00,1210.00,1210.00,1210.00,1179.15,0.00
2012-09-11,1210.00,1210.00,1210.00,1210.00,1179.15,0.00
2012-09-12,1210.00,1210.00,1210.00,1210.00,1179.15,0.00
2012-09-13,1210.00,1210.00,1210.00,1210.00,1179.15,0.00
2012-09-14,1210.00,1210.00,1210.00,1210.00,1179.15,0.00
2012-09-17,1210.00,1210.00,1210.00,1210.00,1179.15,0.00
2012-09-18,1210.00,1210.00,1210.00,1210.00,1179.15,0.00
2012-09-19,1210.00,1210.00,1210.00,1210.00,1179.15,0.00
2012-09-20,1210.00,1210.00,1210.00,1210.00,1179.15,0.00
2012-09-21,1210.00,1210.00,1210.00,1210.00,1179.15,0.00
2012-09-24,1210.00,1210.00,1210.00,1210.00,1179.15,0.00
2012-09-25,1210.00,1210.00,1210.00,1210.00,1179.15,0.00
2012-09-26,1210.00,1210.00,1210.00,1210.00,1179.15,0.00
2012-09-27,1210.00,1210.00,1210.00,1210.00,1179.15,0.00
2012-09-28,1210.00,1210.00,1210.00,1210.00,1179.15,0.00
2012-10-01,1210.00,1210.00,1210.00,1210.00,1179.15,0.00
2012-10-02,1210.00,1210.00,1210.00,1210.00,1179.15,0.00
2012-10-03,1250.00,1250.00,1250.00,1250.00,1218.13,100.00
2012-10-04,1250.00,1250.00,1250.00,1250.00,1218.13,0.00
2012-10-05,1250.00,1250.00,1250.00,1250.00,1218.13,0.00
2012-10-08,1250.00,1250.00,1250.00,1250.00,1218.13,0.00
2012-10-09,1250.00,1250.00,1250.00,1250.00,1218.13,0.00
2012-10-10,1250.00,1250.00,1250.00,1250.00,1218.13,0.00
2012-10-11,1250.00,1250.00,1250.00,1250.00,1218.13,0.00
2012-10-12,1250.00,1250.00,1250.00,1250.00,1218.13,0.00
2012-10-15,1250.00,1250.00,1250.00,1250.00,1218.13,0.00
2012-10-16,1250.00,1250.00,1250.00,1250.00,1218.13,0.00
2012-10-17,1250.00,1250.00,1250.00,1250.00,1218.13,0.00
2012-10-18,1250.00,1250.00,1250.00,1250.00,1218.13,0.00
2012-10-19,1250.00,1250.00,1250.00,1250.00,1218.13,0.00
2012-10-22,1250.00,1250.00,1250.00,1250.00,1218.13,0.00
2012-10-23,1250.00,1250.00,1250.00,1250.00,1218.13,0.00
2012-10-24,1250.00,1250.00,1250.00,1250.00,1218.13,0.00
2012-10-25,1250.00,1250.00,1250.00,1250.00,1218.13,0.00
2012-10-26,1250.00,1250.00,1250.00,1250.00,1218.13,0.00
2012-10-31,1250.00,1250.00,1250.00,1250.00,1218.13,0.00
2012-11-01,1250.00,1250.00,1250.00,1250.00,1218.13,0.00
2012-11-02,1250.00,1250.00,1250.00,1250.00,1218.13,0.00
2012-11-05,1250.00,1250.00,1250.00,1250.00,1218.13,0.00
2012-11-06,1250.00,1250.00,1250.00,1250.00,1218.13,0.00
2012-11-07,1250.00,1250.00,1250.00,1250.00,1218.13,0.00
2012-11-08,1250.00,1250.00,1250.00,1250.00,1218.13,0.00
2012-11-09,1250.00,1250.00,1250.00,1250.00,1218.13,0.00
2012-11-12,1250.00,1250.00,1250.00,1250.00,1218.13,0.00
2012-11-13,1250.00,1250.00,1250.00,1250.00,1218.13,0.00
2012-11-14,1250.00,1250.00,1250.00,1250.00,1218.13,0.00
2012-11-15,1250.00,1250.00,1250.00,1250.00,1218.13,0.00
2012-11-16,1250.00,1250.00,1250.00,1250.00,1218.13,0.00
2012-11-19,1250.00,1250.00,1250.00,1250.00,1218.13,100.00
2012-11-20,1250.00,1250.00,1250.00,1250.00,1218.13,0.00
2012-11-21,1250.00,1250.00,1250.00,1250.00,1218.13,0.00
2012-11-23,1250.00,1250.00,1250.00,1250.00,1218.13,0.00
2012-11-26,1250.00,1250.00,1250.00,1250.00,1218.13,0.00
2012-11-27,1250.00,1250.00,1250.00,1250.00,1218.13,0.00
2012-11-28,1250.00,1250.00,1250.00,1250.00,1218.13,0.00
2012-11-29,1250.00,1250.00,1250.00,1250.00,1218.13,0.00
2012-11-30,1250.00,1250.00,1250.00,1250.00,1218.13,0.00
2012-12-03,1350.00,1350.00,1350.00,1350.00,1315.58,100.00
2012-12-04,1350.00,1350.00,1350.00,1350.00,1315.58,0.00
2012-12-05,1350.00,1350.00,1350.00,1350.00,1315.58,0.00
2012-12-06,1350.00,1350.00,1350.00,1350.00,1315.58,0.00
2012-12-07,1350.00,1350.00,1350.00,1350.00,1315.58,0.00
2012-12-10,1350.00,1350.00,1350.00,1350.00,1315.58,0.00
2012-12-11,1350.00,1350.00,1350.00,1350.00,1315.58,600.00
2012-12-12,1350.00,1350.00,1350.00,1350.00,1315.58,0.00
2012-12-13,1350.00,1350.00,1350.00,1350.00,1315.58,0.00
2012-12-14,1350.00,1350.00,1350.00,1350.00,1315.58,0.00
2012-12-17,1350.00,1350.00,1350.00,1350.00,1315.58,0.00
2012-12-18,1350.00,1350.00,1350.00,1350.00,1315.58,0.00
2012-12-19,1350.00,1350.00,1350.00,1350.00,1315.58,0.00
2012-12-20,1350.00,1350.00,1350.00,1350.00,1315.58,0.00
2012-12-21,1350.00,1350.00,1350.00,1350.00,1315.58,0.00
2012-12-24,1350.00,1350.00,1350.00,1350.00,1315.58,0.00
2012-12-26,1350.00,1350.00,1350.00,1350.00,1315.58,0.00
2012-12-27,1350.00,1350.00,1350.00,1350.00,1315.58,0.00
2012-12-28,1350.00,1350.00,1350.00,1350.00,1315.58,0.00
2012-12-31,1350.00,1350.00,1350.00,1350.00,1315.58,0.00
2013-01-02,1350.00,1350.00,1350.00,1350.00,1315.58,0.00
2013-01-03,1350.00,1350.00,1350.00,1350.00,1315.58,0.00
2013-01-04,1350.00,1350.00,1350.00,1350.00,1315.58,0.00
2013-01-07,1350.00,1350.00,1350.00,1350.00,1315.58,0.00
2013-01-08,1350.00,1350.00,1350.00,1350.00,1315.58,0.00
2013-01-09,1350.00,1350.00,1350.00,1350.00,1315.58,0.00
2013-01-10,1350.00,1350.00,1350.00,1350.00,1315.58,0.00
2013-01-11,1350.00,1350.00,1350.00,1350.00,1315.58,0.00
2013-01-14,1350.00,1350.00,1350.00,1350.00,1315.58,0.00
2013-01-15,1350.00,1350.00,1350.00,1350.00,1315.58,0.00
2013-01-16,1350.00,1350.00,1350.00,1350.00,1315.58,0.00
2013-01-17,1475.00,1475.00,1475.00,1475.00,1437.39,100.00
2013-01-18,1410.00,1410.00,1410.00,1410.00,1374.05,200.00
2013-01-22,1350.00,1350.00,1350.00,1350.00,1315.58,100.00
2013-01-23,1350.00,1350.00,1350.00,1350.00,1315.58,0.00
2013-01-24,1350.00,1350.00,1350.00,1350.00,1315.58,0.00
2013-01-25,1350.00,1350.00,1350.00,1350.00,1315.58,0.00
2013-01-28,1350.00,1350.00,1350.00,1350.00,1315.58,0.00
2013-01-29,1360.00,1375.00,1360.00,1375.00,1339.94,200.00
2013-01-30,1375.00,1375.00,1375.00,1375.00,1339.94,0.00
2013-01-31,1375.00,1375.00,1375.00,1375.00,1339.94,0.00
2013-02-01,1375.00,1375.00,1375.00,1375.00,1339.94,0.00
2013-02-04,1375.00,1375.00,1375.00,1375.00,1339.94,0.00
2013-02-05,1400.00,1400.00,1400.00,1400.00,1364.30,100.00
2013-02-06,1400.00,1400.00,1400.00,1400.00,1364.30,0.00
2013-02-07,1400.00,1400.00,1400.00,1400.00,1364.30,0.00
2013-02-08,1400.00,1400.00,1400.00,1400.00,1364.30,0.00
2013-02-11,1400.00,1400.00,1400.00,1400.00,1364.30,0.00
2013-02-12,1400.00,1400.00,1400.00,1400.00,1364.30,0.00
2013-02-13,1425.00,1425.00,1425.00,1425.00,1388.66,300.00
2013-02-14,1425.00,1425.00,1425.00,1425.00,1388.66,0.00
2013-02-15,1425.00,1425.00,1425.00,1425.00,1388.66,0.00
2013-02-19,1450.00,1450.00,1450.00,1450.00,1413.03,100.00
2013-02-20,1450.00,1450.00,1450.00,1450.00,1413.03,0.00
2013-02-21,1475.00,1475.00,1475.00,1475.00,1437.39,100.00
2013-02-22,1500.00,1500.00,1500.00,1500.00,1461.75,100.00
2013-02-25,1500.00,1500.00,1500.00,1500.00,1461.75,0.00
2013-02-26,1500.00,1500.00,1500.00,1500.00,1461.75,0.00
2013-02-27,1500.00,1500.00,1500.00,1500.00,1461.75,0.00
2013-02-28,1500.00,1500.00,1500.00,1500.00,1461.75,0.00
2013-03-01,1500.00,1500.00,1500.00,1500.00,1461.75,0.00
2013-03-04,1500.00,1500.00,1500.00,1500.00,1461.75,0.00
2013-03-05,1500.00,1500.00,1500.00,1500.00,1461.75,0.00
2013-03-06,1500.00,1500.00,1500.00,1500.00,1461.75,0.00
2013-03-07,1500.00,1500.00,1500.00,1500.00,1461.75,0.00
2013-03-08,1500.00,1500.00,1500.00,1500.00,1461.75,0.00
2013-03-11,1500.00,1500.00,1500.00,1500.00,1461.75,0.00
2013-03-12,1500.00,1500.00,1500.00,1500.00,1461.75,0.00
2013-03-13,1450.00,1450.00,1450.00,1450.00,1413.03,200.00
2013-03-14,1450.00,1450.00,1450.00,1450.00,1413.03,0.00
2013-03-15,1450.00,1450.00,1450.00,1450.00,1413.03,0.00
2013-03-18,1350.00,1350.00,1350.00,1350.00,1315.58,100.00
2013-03-19,1350.00,1350.00,1350.00,1350.00,1315.58,0.00
2013-03-20,1350.00,1350.00,1350.00,1350.00,1315.58,0.00
2013-03-21,1350.00,1350.00,1350.00,1350.00,1315.58,100.00
2013-03-22,1350.00,1350.00,1350.00,1350.00,1315.58,0.00
2013-03-25,1350.00,1350.00,1350.00,1350.00,1315.58,0.00
2013-03-26,1415.00,1415.00,1415.00,1415.00,1378.92,100.00
2013-03-27,1415.00,1415.00,1415.00,1415.00,1378.92,0.00
2013-03-28,1415.00,1415.00,1415.00,1415.00,1378.92,0.00
2013-04-01,1415.00,1415.00,1415.00,1415.00,1378.92,0.00
2013-04-02,1415.00,1415.00,1415.00,1415.00,1378.92,0.00
2013-04-03,1425.00,1425.00,1425.00,1425.00,1388.66,100.00
2013-04-04,1425.00,1425.00,1425.00,1425.00,1388.66,0.00
2013-04-05,1385.00,1385.00,1385.00,1385.00,1349.68,100.00
2013-04-08,1385.00,1385.00,1385.00,1385.00,1349.68,0.00
2013-04-09,1385.00,1385.00,1385.00,1385.00,1349.68,0.00
2013-04-10,1375.00,1375.00,1375.00,1375.00,1339.94,100.00
2013-04-11,1375.00,1375.00,1375.00,1375.00,1339.94,0.00
2013-04-12,1375.00,1375.00,1375.00,1375.00,1339.94,0.00
2013-04-15,1375.00,1375.00,1375.00,1375.00,1339.94,0.00
2013-04-16,1375.00,1375.00,1375.00,1375.00,1339.94,0.00
2013-04-17,1375.00,1375.00,1375.00,1375.00,1339.94,0.00
2013-04-18,1375.00,1375.00,1375.00,1375.00,1339.94,0.00
2013-04-19,1375.00,1375.00,1375.00,1375.00,1339.94,0.00
2013-04-22,1300.00,1300.00,1300.00,1300.00,1266.85,100.00
2013-04-23,1300.00,1300.00,1300.00,1300.00,1266.85,0.00
2013-04-24,1300.00,1300.00,1300.00,1300.00,1266.85,0.00
2013-04-25,1300.00,1300.00,1300.00,1300.00,1266.85,0.00
2013-04-26,1300.00,1300.00,1300.00,1300.00,1266.85,0.00
2013-04-29,1300.00,1300.00,1300.00,1300.00,1266.85,0.00
2013-04-30,1410.00,1410.00,1410.00,1410.00,1374.05,100.00
2013-05-01,1350.00,1350.00,1350.00,1350.00,1315.58,0.00
2013-05-02,1350.00,1350.00,1350.00,1350.00,1315.58,0.00
2013-05-03,1350.00,1350.00,1350.00,1350.00,1315.58,0.00
2013-05-06,1350.00,1350.00,1350.00,1350.00,1315.58,0.00
2013-05-07,1425.00,1425.00,1410.00,1410.00,1374.05,200.00
2013-05-08,1410.00,1410.00,1410.00,1410.00,1374.05,0.00
2013-05-09,1410.00,1410.00,1410.00,1410.00,1374.05,0.00
2013-05-10,1410.00,1410.00,1410.00,1410.00,1374.05,0.00
2013-05-13,1335.00,1335.00,1335.00,1335.00,1300.96,100.00
2013-05-14,1335.00,1335.00,1335.00,1335.00,1300.96,0.00
2013-05-15,1335.00,1335.00,1335.00,1335.00,1300.96,0.00
2013-05-16,1335.00,1335.00,1335.00,1335.00,1300.96,0.00
2013-05-17,1335.00,1335.00,1335.00,1335.00,1300.96,0.00
2013-05-20,1335.00,1335.00,1335.00,1335.00,1300.96,0.00
2013-05-21,1335.00,1335.00,1335.00,1335.00,1300.96,0.00
2013-05-22,1335.00,1335.00,1335.00,1335.00,1300.96,0.00
2013-05-23,1300.00,1300.00,1300.00,1300.00,1266.85,100.00
2013-05-24,1300.00,1300.00,1300.00,1300.00,1266.85,0.00
2013-05-28,1300.00,1300.00,1300.00,1300.00,1266.85,0.00
2013-05-29,1300.00,1300.00,1300.00,1300.00,1266.85,0.00
2013-05-30,1300.00,1300.00,1300.00,1300.00,1266.85,0.00
2013-05-31,1300.00,1300.00,1300.00,1300.00,1266.85,0.00
2013-06-03,1405.00,1405.00,1405.00,1405.00,1369.17,100.00
2013-06-04,1405.00,1405.00,1405.00,1405.00,1369.17,0.00
2013-06-05,1400.00,1400.00,1400.00,1400.00,1364.30,200.00
2013-06-06,1400.00,1400.00,1400.00,1400.00,1364.30,0.00
2013-06-07,1400.00,1400.00,1400.00,1400.00,1364.30,0.00
2013-06-10,1400.00,1400.00,1400.00,1400.00,1364.30,0.00
2013-06-11,1400.00,1400.00,1400.00,1400.00,1364.30,0.00
2013-06-12,1400.00,1400.00,1400.00,1400.00,1364.30,0.00
2013-06-13,1400.00,1400.00,1400.00,1400.00,1364.30,0.00
2013-06-14,1400.00,1400.00,1400.00,1400.00,1364.30,0.00
2013-06-17,1400.00,1400.00,1400.00,1400.00,1364.30,0.00
2013-06-18,1400.00,1400.00,1400.00,1400.00,1364.30,0.00
2013-06-19,1400.00,1400.00,1400.00,1400.00,1364.30,0.00
2013-06-20,1400.00,1400.00,1400.00,1400.00,1364.30,0.00
2013-06-21,1400.00,1400.00,1400.00,1400.00,1364.30,0.00
2013-06-24,1400.00,1400.00,1400.00,1400.00,1364.30,0.00
2013-06-25,1400.00,1400.00,1400.00,1400.00,1364.30,0.00
2013-06-26,1050.00,1050.00,1050.00,1050.00,1023.23,700.00
2013-06-27,1050.00,1050.00,1050.00,1050.00,1023.23,0.00
2013-06-28,1140.00,1140.00,1140.00,1140.00,1110.93,200.00
2013-07-01,1140.00,1140.00,1140.00,1140.00,1110.93,0.00
2013-07-02,1140.00,1140.00,1140.00,1140.00,1110.93,0.00
2013-07-03,1140.00,1140.00,1140.00,1140.00,1110.93,0.00
2013-07-05,1140.00,1140.00,1140.00,1140.00,1110.93,0.00
2013-07-08,1140.00,1140.00,1140.00,1140.00,1110.93,0.00
2013-07-09,1140.00,1140.00,1140.00,1140.00,1110.93,0.00
2013-07-10,1150.00,1150.00,1150.00,1150.00,1120.68,200.00
2013-07-11,1150.00,1150.00,1150.00,1150.00,1120.68,0.00
2013-07-12,1150.00,1150.00,1150.00,1150.00,1120.68,0.00
2013-07-15,1188.00,1188.00,1188.00,1188.00,1157.71,200.00
2013-07-16,1188.00,1188.00,1188.00,1188.00,1157.71,0.00
2013-07-17,1188.00,1188.00,1188.00,1188.00,1157.71,0.00
2013-07-18,1188.00,1188.00,1188.00,1188.00,1157.71,0.00
2013-07-19,1188.00,1188.00,1188.00,1188.00,1157.71,0.00
2013-07-22,1188.00,1188.00,1188.00,1188.00,1157.71,0.00
2013-07-23,1188.00,1188.00,1188.00,1188.00,1157.71,0.00
2013-07-24,1188.00,1188.00,1188.00,1188.00,1157.71,0.00
2013-07-25,1151.00,1200.00,1151.00,1200.00,1169.40,100.00
2013-07-26,1200.00,1200.00,1200.00,1200.00,1169.40,0.00
2013-07-29,1200.00,1200.00,1200.00,1200.00,1169.40,0.00
2013-07-30,1200.00,1200.00,1200.00,1200.00,1169.40,0.00
2013-07-31,1200.00,1200.00,1200.00,1200.00,1169.40,0.00
2013-08-01,1200.00,1200.00,1200.00,1200.00,1169.40,0.00
2013-08-02,1200.00,1200.00,1200.00,1200.00,1169.40,0.00
2013-08-05,1200.00,1200.00,1200.00,1200.00,1169.40,0.00
2013-08-06,1200.00,1200.00,1200.00,1200.00,1169.40,0.00
2013-08-07,1150.00,1150.00,1111.10,1111.10,1082.77,900.00
2013-08-08,1075.00,1075.00,1075.00,1075.00,1047.59,100.00
2013-08-09,1075.00,1075.00,1075.00,1075.00,1047.59,0.00
2013-08-12,1075.00,1075.00,1075.00,1075.00,1047.59,0.00
2013-08-13,1075.00,1075.00,1075.00,1075.00,1047.59,0.00
2013-08-14,1075.00,1075.00,1075.00,1075.00,1047.59,0.00
2013-08-15,1075.00,1075.00,1075.00,1075.00,1047.59,0.00
2013-08-16,1075.00,1075.00,1075.00,1075.00,1047.59,0.00
2013-08-19,1075.00,1075.00,1075.00,1075.00,1047.59,0.00
2013-08-20,1075.00,1075.00,1075.00,1075.00,1047.59,0.00
2013-08-21,1075.00,1075.00,1075.00,1075.00,1047.59,0.00
2013-08-22,1075.00,1075.00,1075.00,1075.00,1047.59,0.00
2013-08-23,1075.00,1075.00,1075.00,1075.00,1047.59,0.00
2013-08-26,1075.00,1075.00,1075.00,1075.00,1047.59,0.00
2013-08-27,1115.00,1115.00,1115.00,1115.00,1086.57,100.00
2013-08-28,1200.00,1200.00,1200.00,1200.00,1169.40,0.00
2013-08-29,1230.00,1230.00,1230.00,1230.00,1198.64,0.00
2013-08-30,1250.00,1250.00,1250.00,1250.00,1218.13,100.00
2013-09-03,1238.00,1238.00,1238.00,1238.00,1206.43,100.00
2013-09-04,1238.00,1238.00,1238.00,1238.00,1206.43,0.00
2013-09-05,1267.00,1267.00,1267.00,1267.00,1234.69,300.00
2013-09-06,1290.00,1290.00,1290.00,1290.00,1257.11,100.00
2013-09-09,1290.00,1290.00,1290.00,1290.00,1257.11,0.00
2013-09-10,1290.00,1290.00,1290.00,1290.00,1257.11,0.00
2013-09-11,1290.00,1290.00,1290.00,1290.00,1257.11,0.00
2013-09-12,1290.00,1290.00,1290.00,1290.00,1257.11,0.00
2013-09-13,1325.00,1325.00,1325.00,1325.00,1291.21,0.00
2013-09-16,1350.00,1350.00,1350.00,1350.00,1315.58,100.00
2013-09-17,1350.00,1350.00,1350.00,1350.00,1315.58,0.00
2013-09-18,1350.00,1350.00,1350.00,1350.00,1315.58,0.00
2013-09-19,1330.00,1330.00,1330.00,1330.00,1296.09,0.00
2013-09-20,1330.00,1330.00,1330.00,1330.00,1296.09,0.00
2013-09-23,1300.00,1300.00,1300.00,1300.00,1266.85,100.00
2013-09-24,1300.00,1300.00,1300.00,1300.00,1266.85,0.00
2013-09-25,1300.00,1300.00,1300.00,1300.00,1266.85,0.00
2013-09-26,1300.00,1300.00,1300.00,1300.00,1266.85,0.00
2013-09-27,1300.00,1300.00,1300.00,1300.00,1266.85,0.00
2013-09-30,1320.00,1320.00,1320.00,1320.00,1286.34,0.00
2013-10-01,1310.00,1310.00,1310.00,1310.00,1276.60,0.00
2013-10-02,1310.00,1310.00,1310.00,1310.00,1276.60,0.00
2013-10-03,1310.00,1310.00,1310.00,1310.00,1276.60,0.00
2013-10-04,1310.00,1310.00,1310.00,1310.00,1276.60,0.00
2013-10-07,1310.00,1310.00,1310.00,1310.00,1276.60,0.00
2013-10-08,1310.00,1310.00,1310.00,1310.00,1276.60,0.00
2013-10-09,1310.00,1310.00,1310.00,1310.00,1276.60,0.00
2013-10-10,1310.00,1310.00,1310.00,1310.00,1276.60,0.00
2013-10-11,1310.00,1310.00,1310.00,1310.00,1276.60,0.00
2013-10-14,1310.00,1310.00,1310.00,1310.00,1276.60,0.00
2013-10-15,1310.00,1310.00,1310.00,1310.00,1276.60,0.00
2013-10-16,1400.00,1400.00,1400.00,1400.00,1364.30,0.00
2013-10-17,1400.00,1400.00,1400.00,1400.00,1364.30,0.00
2013-10-18,1450.00,1450.00,1450.00,1450.00,1413.03,0.00
2013-10-21,1450.00,1450.00,1450.00,1450.00,1413.03,0.00
2013-10-22,1450.00,1450.00,1450.00,1450.00,1413.03,0.00
2013-10-23,1450.00,1450.00,1450.00,1450.00,1413.03,0.00
2013-10-24,1450.00,1450.00,1450.00,1450.00,1413.03,0.00
2013-10-25,1450.00,1450.00,1450.00,1450.00,1413.03,0.00
2013-10-28,1450.00,1450.00,1450.00,1450.00,1413.03,0.00
2013-10-29,1450.00,1450.00,1450.00,1450.00,1413.03,0.00
2013-10-30,1450.00,1450.00,1450.00,1450.00,1413.03,0.00
2013-10-31,1450.00,1450.00,1450.00,1450.00,1413.03,0.00
2013-11-01,1450.00,1450.00,1450.00,1450.00,1413.03,0.00
2013-11-04,1450.00,1450.00,1450.00,1450.00,1413.03,0.00
2013-11-05,1450.00,1450.00,1450.00,1450.00,1413.03,0.00
2013-11-06,1450.00,1450.00,1450.00,1450.00,1413.03,0.00
2013-11-07,1300.00,1300.00,1300.00,1300.00,1266.85,200.00
2013-11-08,1300.00,1300.00,1300.00,1300.00,1266.85,0.00
2013-11-11,1300.00,1300.00,1300.00,1300.00,1266.85,0.00
2013-11-12,1300.00,1400.00,1300.00,1400.00,1364.30,0.00
2013-11-13,1400.00,1400.00,1400.00,1400.00,1364.30,0.00
2013-11-14,1375.00,1375.00,1375.00,1375.00,1339.94,0.00
2013-11-15,1375.00,1375.00,1375.00,1375.00,1339.94,0.00
2013-11-18,1375.00,1375.00,1375.00,1375.00,1339.94,0.00
2013-11-19,1375.00,1375.00,1375.00,1375.00,1339.94,0.00
2013-11-20,1430.00,1430.00,1430.00,1430.00,1393.54,0.00
2013-11-21,1430.00,1430.00,1430.00,1430.00,1393.54,0.00
2013-11-22,1400.00,1400.00,1400.00,1400.00,1364.30,0.00
2013-11-25,1400.00,1400.00,1400.00,1400.00,1364.30,0.00
2013-11-26,1400.00,1400.00,1400.00,1400.00,1364.30,0.00
2013-11-27,1400.00,1400.00,1400.00,1400.00,1364.30,0.00
2013-11-29,1400.00,1400.00,1400.00,1400.00,1364.30,0.00
2013-12-02,1400.00,1400.00,1400.00,1400.00,1364.30,0.00
2013-12-03,1400.00,1400.00,1400.00,1400.00,1364.30,0.00
2013-12-04,1300.00,1300.00,1300.00,1300.00,1266.85,0.00
2013-12-05,1300.00,1300.00,1300.00,1300.00,1266.85,0.00
2013-12-06,1300.00,1300.00,1300.00,1300.00,1266.85,0.00
2013-12-09,1300.00,1300.00,1300.00,1300.00,1266.85,0.00
2013-12-10,1300.00,1300.00,1300.00,1300.00,1266.85,0.00
2013-12-11,1300.00,1300.00,1300.00,1300.00,1266.85,0.00
2013-12-12,1300.00,1300.00,1300.00,1300.00,1266.85,0.00
2013-12-13,1300.00,1300.00,1300.00,1300.00,1266.85,0.00
2013-12-16,1300.00,1300.00,1300.00,1300.00,1266.85,0.00
2013-12-17,1300.00,1300.00,1300.00,1300.00,1266.85,0.00
2013-12-18,1300.00,1300.00,1300.00,1300.00,1266.85,0.00
2013-12-19,1300.00,1300.00,1300.00,1300.00,1266.85,0.00
2013-12-20,1300.00,1300.00,1300.00,1300.00,1266.85,0.00
2013-12-23,1300.00,1300.00,1300.00,1300.00,1266.85,0.00
2013-12-24,1375.00,1375.00,1375.00,1375.00,1339.94,100.00
2013-12-26,1375.00,1375.00,1375.00,1375.00,1339.94,0.00
2013-12-27,1375.00,1375.00,1375.00,1375.00,1352.76,0.00
2013-12-30,1375.00,1375.00,1375.00,1375.00,1352.76,0.00
2013-12-31,1375.00,1375.00,1375.00,1375.00,1352.76,0.00
2014-01-02,1300.00,1300.00,1300.00,1300.00,1278.97,100.00
2014-01-03,1300.00,1300.00,1300.00,1300.00,1278.97,0.00
2014-01-06,1300.00,1300.00,1300.00,1300.00,1278.97,0.00
2014-01-07,1300.00,1300.00,1300.00,1300.00,1278.97,0.00
2014-01-08,1300.00,1300.00,1300.00,1300.00,1278.97,0.00
2014-01-09,1300.00,1300.00,1300.00,1300.00,1278.97,0.00
2014-01-10,1300.00,1300.00,1300.00,1300.00,1278.97,0.00
2014-01-13,1300.00,1300.00,1300.00,1300.00,1278.97,0.00
2014-01-14,1300.00,1300.00,1300.00,1300.00,1278.97,0.00
2014-01-15,1300.00,1300.00,1300.00,1300.00,1278.97,0.00
2014-01-16,1300.00,1300.00,1300.00,1300.00,1278.97,0.00
2014-01-17,1300.00,1300.00,1300.00,1300.00,1278.97,0.00
2014-01-21,1275.00,1275.00,1275.00,1275.00,1254.38,0.00
2014-01-22,1275.00,1275.00,1275.00,1275.00,1254.38,0.00
2014-01-23,1275.00,1275.00,1275.00,1275.00,1254.38,0.00
2014-01-24,1275.00,1275.00,1275.00,1275.00,1254.38,0.00
2014-01-27,1275.00,1275.00,1275.00,1275.00,1254.38,0.00
2014-01-28,1275.00,1275.00,1275.00,1275.00,1254.38,0.00
2014-01-29,1275.00,1275.00,1275.00,1275.00,1254.38,0.00
2014-01-30,1275.00,1275.00,1275.00,1275.00,1254.38,0.00
2014-01-31,1275.00,1275.00,1275.00,1275.00,1254.38,0.00
2014-02-03,1275.00,1275.00,1275.00,1275.00,1254.38,0.00
2014-02-04,1275.00,1275.00,1275.00,1275.00,1254.38,0.00
2014-02-05,1275.00,1275.00,1275.00,1275.00,1254.38,0.00
2014-02-06,1250.00,1250.00,1250.00,1250.00,1229.78,0.00
2014-02-07,1250.00,1250.00,1250.00,1250.00,1229.78,0.00
2014-02-10,1250.00,1250.00,1250.00,1250.00,1229.78,0.00
2014-02-11,1250.00,1250.00,1250.00,1250.00,1229.78,0.00
2014-02-12,1250.00,1250.00,1250.00,1250.00,1229.78,0.00
2014-02-13,1250.00,1250.00,1250.00,1250.00,1229.78,0.00
2014-02-14,1250.00,1250.00,1250.00,1250.00,1229.78,0.00
2014-02-18,1250.00,1250.00,1250.00,1250.00,1229.78,0.00
2014-02-19,1250.00,1250.00,1250.00,1250.00,1229.78,0.00
2014-02-20,1250.00,1250.00,1250.00,1250.00,1229.78,0.00
2014-02-21,1250.00,1250.00,1250.00,1250.00,1229.78,0.00
2014-02-24,1250.00,1250.00,1250.00,1250.00,1229.78,0.00
2014-02-25,1275.00,1275.00,1275.00,1275.00,1254.38,0.00
2014-02-26,1275.00,1275.00,1275.00,1275.00,1254.38,0.00
2014-02-27,1275.00,1275.00,1275.00,1275.00,1254.38,0.00
2014-02-28,1275.00,1275.00,1275.00,1275.00,1254.38,0.00
2014-03-03,1275.00,1275.00,1275.00,1275.00,1254.38,0.00
2014-03-04,1275.00,1275.00,1275.00,1275.00,1254.38,0.00
2014-03-05,1275.00,1275.00,1275.00,1275.00,1254.38,0.00
2014-03-06,1275.00,1275.00,1275.00,1275.00,1254.38,400.00
2014-03-07,1275.00,1275.00,1275.00,1275.00,1254.38,0.00
2014-03-10,1275.00,1275.00,1275.00,1275.00,1254.38,0.00
2014-03-11,1275.00,1275.00,1275.00,1275.00,1254.38,0.00
2014-03-12,1250.00,1250.00,1250.00,1250.00,1229.78,0.00
2014-03-13,1180.00,1180.00,1180.00,1180.00,1160.91,0.00
2014-03-14,1180.00,1180.00,1180.00,1180.00,1160.91,0.00
2014-03-17,1180.00,1180.00,1180.00,1180.00,1160.91,0.00
2014-03-18,1180.00,1180.00,1180.00,1180.00,1160.91,0.00
2014-03-19,1180.00,1180.00,1180.00,1180.00,1160.91,0.00
2014-03-20,1100.00,1100.00,1100.00,1100.00,1082.21,0.00
2014-03-21,1220.00,1220.00,1220.00,1220.00,1200.26,200.00
2014-03-24,1220.00,1220.00,1220.00,1220.00,1200.26,0.00
2014-03-25,1220.00,1220.00,1220.00,1220.00,1200.26,0.00
2014-03-26,1220.00,1220.00,1220.00,1220.00,1200.26,0.00
2014-03-27,1220.00,1220.00,1220.00,1220.00,1200.26,0.00
2014-03-28,1220.00,1220.00,1220.00,1220.00,1200.26,0.00
2014-03-31,1220.00,1220.00,1220.00,1220.00,1200.26,0.00
2014-04-01,1220.00,1220.00,1220.00,1220.00,1200.26,0.00
2014-04-02,1300.00,1300.00,1300.00,1300.00,1278.97,0.00
2014-04-03,1300.00,1300.00,1300.00,1300.00,1278.97,0.00
2014-04-04,1300.00,1300.00,1300.00,1300.00,1278.97,0.00
2014-04-07,1300.00,1300.00,1300.00,1300.00,1278.97,0.00
2014-04-08,1300.00,1300.00,1300.00,1300.00,1278.97,0.00
2014-04-09,1300.00,1300.00,1300.00,1300.00,1278.97,0.00
2014-04-10,1300.00,1300.00,1300.00,1300.00,1278.97,0.00
2014-04-11,1300.00,1300.00,1300.00,1300.00,1278.97,0.00
2014-04-14,1300.00,1300.00,1300.00,1300.00,1278.97,0.00
2014-04-15,1300.00,1300.00,1300.00,1300.00,1278.97,0.00
2014-04-16,1300.00,1300.00,1300.00,1300.00,1278.97,0.00
2014-04-17,1300.00,1300.00,1300.00,1300.00,1278.97,0.00
2014-04-21,1300.00,1300.00,1300.00,1300.00,1278.97,0.00
2014-04-22,1300.00,1300.00,1300.00,1300.00,1278.97,0.00
2014-04-23,1300.00,1300.00,1300.00,1300.00,1278.97,0.00
2014-04-24,1300.00,1300.00,1300.00,1300.00,1278.97,0.00
2014-04-25,1300.00,1300.00,1300.00,1300.00,1278.97,0.00
2014-04-28,1300.00,1300.00,1300.00,1300.00,1278.97,0.00
2014-04-29,1300.00,1300.00,1300.00,1300.00,1278.97,0.00
2014-04-30,1300.00,1300.00,1300.00,1300.00,1278.97,0.00
2014-05-01,1300.00,1300.00,1300.00,1300.00,1278.97,0.00
2014-05-02,1300.00,1300.00,1300.00,1300.00,1278.97,0.00
2014-05-05,1300.00,1300.00,1300.00,1300.00,1278.97,0.00
2014-05-06,1300.00,1300.00,1300.00,1300.00,1278.97,0.00
2014-05-07,1300.00,1300.00,1300.00,1300.00,1278.97,0.00
2014-05-08,1350.00,1350.00,1350.00,1350.00,1328.16,0.00
2014-05-09,1350.00,1350.00,1350.00,1350.00,1328.16,0.00
2014-05-12,1300.00,1300.00,1300.00,1300.00,1278.97,0.00
2014-05-13,1300.00,1300.00,1300.00,1300.00,1278.97,0.00
2014-05-14,1300.00,1300.00,1300.00,1300.00,1278.97,0.00
2014-05-15,1300.00,1300.00,1300.00,1300.00,1278.97,0.00
2014-05-16,1300.00,1300.00,1300.00,1300.00,1278.97,0.00
2014-05-19,1300.00,1300.00,1300.00,1300.00,1278.97,0.00
2014-05-20,1300.00,1300.00,1300.00,1300.00,1278.97,0.00
2014-05-21,1300.00,1300.00,1300.00,1300.00,1278.97,0.00
2014-05-22,1300.00,1300.00,1300.00,1300.00,1278.97,0.00
2014-05-23,1300.00,1300.00,1300.00,1300.00,1278.97,0.00
2014-05-27,1300.00,1300.00,1300.00,1300.00,1278.97,0.00
2014-05-28,1300.00,1300.00,1300.00,1300.00,1278.97,0.00
2014-05-29,1300.00,1300.00,1300.00,1300.00,1278.97,0.00
2014-05-30,1500.00,1500.00,1500.00,1500.00,1475.74,100.00
2014-06-02,1500.00,1500.00,1500.00,1500.00,1475.74,0.00
2014-06-03,1400.00,1400.00,1400.00,1400.00,1377.35,100.00
2014-06-04,1400.00,1400.00,1400.00,1400.00,1377.35,0.00
2014-06-05,1400.00,1400.00,1400.00,1400.00,1377.35,0.00
2014-06-06,1400.00,1400.00,1400.00,1400.00,1377.35,0.00
2014-06-09,1400.00,1400.00,1400.00,1400.00,1377.35,0.00
2014-06-10,1400.00,1400.00,1400.00,1400.00,1377.35,0.00
2014-06-11,1400.00,1400.00,1400.00,1400.00,1377.35,0.00
2014-06-12,1400.00,1400.00,1400.00,1400.00,1377.35,0.00
2014-06-13,1400.00,1400.00,1400.00,1400.00,1377.35,0.00
2014-06-16,1400.00,1400.00,1400.00,1400.00,1377.35,0.00
2014-06-17,1400.00,1400.00,1400.00,1400.00,1377.35,0.00
2014-06-18,1400.00,1400.00,1400.00,1400.00,1377.35,0.00
2014-06-19,1400.00,1400.00,1400.00,1400.00,1377.35,0.00
2014-06-20,1400.00,1400.00,1400.00,1400.00,1377.35,0.00
2014-06-23,1400.00,1400.00,1400.00,1400.00,1377.35,0.00
2014-06-24,1400.00,1400.00,1400.00,1400.00,1377.35,0.00
2014-06-25,1400.00,1400.00,1400.00,1400.00,1377.35,0.00
2014-06-26,1400.00,1400.00,1400.00,1400.00,1377.35,0.00
2014-06-27,1400.00,1400.00,1400.00,1400.00,1377.35,0.00
2014-06-30,1400.00,1400.00,1400.00,1400.00,1377.35,0.00
2014-07-01,1400.00,1400.00,1400.00,1400.00,1377.35,0.00
2014-07-02,1400.00,1400.00,1400.00,1400.00,1377.35,0.00
2014-07-03,1400.00,1400.00,1400.00,1400.00,1377.35,0.00
2014-07-07,1400.00,1400.00,1400.00,1400.00,1377.35,0.00
2014-07-08,1400.00,1400.00,1400.00,1400.00,1377.35,0.00
2014-07-09,1400.00,1400.00,1400.00,1400.00,1377.35,0.00
2014-07-10,1400.00,1400.00,1400.00,1400.00,1377.35,0.00
2014-07-11,1400.00,1400.00,1400.00,1400.00,1377.35,0.00
2014-07-14,1400.00,1400.00,1400.00,1400.00,1377.35,0.00
2014-07-15,1400.00,1400.00,1400.00,1400.00,1377.35,0.00
2014-07-16,1400.00,1400.00,1400.00,1400.00,1377.35,0.00
2014-07-17,1400.00,1400.00,1400.00,1400.00,1377.35,0.00
2014-07-18,1400.00,1400.00,1400.00,1400.00,1377.35,0.00
2014-07-21,1400.00,1400.00,1400.00,1400.00,1377.35,0.00
2014-07-22,1400.00,1400.00,1400.00,1400.00,1377.35,0.00
2014-07-23,1320.00,1320.00,1320.00,1320.00,1298.65,100.00
2014-07-24,1320.00,1320.00,1320.00,1320.00,1298.65,0.00
2014-07-25,1320.00,1320.00,1320.00,1320.00,1298.65,0.00
2014-07-28,1350.00,1350.00,1350.00,1350.00,1328.16,0.00
2014-07-29,1400.00,1400.00,1400.00,1400.00,1377.35,0.00
2014-07-30,1400.00,1400.00,1400.00,1400.00,1377.35,0.00
2014-07-31,1400.00,1400.00,1400.00,1400.00,1377.35,0.00
2014-08-01,1400.00,1400.00,1400.00,1400.00,1377.35,0.00
2014-08-04,1400.00,1400.00,1400.00,1400.00,1377.35,0.00
2014-08-05,1400.00,1400.00,1400.00,1400.00,1377.35,0.00
2014-08-06,1400.00,1400.00,1400.00,1400.00,1377.35,0.00
2014-08-07,1238.00,1238.00,1238.00,1238.00,1217.97,0.00
2014-08-08,1235.00,1235.00,1235.00,1235.00,1215.02,0.00
2014-08-11,1235.00,1235.00,1235.00,1235.00,1215.02,0.00
2014-08-12,1246.16,1275.00,1246.16,1275.00,1254.38,800.00
2014-08-13,1275.00,1275.00,1275.00,1275.00,1254.38,0.00
2014-08-14,1275.00,1275.00,1275.00,1275.00,1254.38,0.00
2014-08-15,1200.00,1200.00,1200.00,1200.00,1180.59,0.00
2014-08-18,1250.00,1250.00,1250.00,1250.00,1229.78,300.00
2014-08-19,1250.00,1250.00,1250.00,1250.00,1229.78,100.00
2014-08-20,1250.00,1250.00,1250.00,1250.00,1229.78,0.00
2014-08-21,1250.00,1250.00,1250.00,1250.00,1229.78,0.00
2014-08-22,1200.00,1200.00,1200.00,1200.00,1180.59,0.00
2014-08-25,1200.00,1200.00,1200.00,1200.00,1180.59,0.00
2014-08-26,1200.00,1200.00,1200.00,1200.00,1180.59,0.00
2014-08-27,1200.00,1200.00,1200.00,1200.00,1180.59,0.00
2014-08-28,1200.00,1200.00,1200.00,1200.00,1180.59,0.00
2014-08-29,1180.00,1180.00,1180.00,1180.00,1160.91,0.00
2014-09-02,1180.00,1180.00,1180.00,1180.00,1160.91,0.00
2014-09-03,1180.00,1180.00,1180.00,1180.00,1160.91,0.00
2014-09-04,1150.00,1150.00,1150.00,1150.00,1131.40,0.00
2014-09-05,1150.00,1150.00,1150.00,1150.00,1131.40,0.00
2014-09-08,1150.00,1150.00,1150.00,1150.00,1131.40,0.00
2014-09-09,1175.00,1175.00,1175.00,1175.00,1155.99,0.00
2014-09-10,1175.00,1175.00,1175.00,1175.00,1155.99,0.00
2014-09-11,1175.00,1175.00,1175.00,1175.00,1155.99,0.00
2014-09-12,1175.00,1175.00,1175.00,1175.00,1155.99,0.00
2014-09-15,1175.00,1175.00,1175.00,1175.00,1155.99,0.00
2014-09-16,1175.00,1175.00,1175.00,1175.00,1155.99,0.00
2014-09-17,1175.00,1175.00,1175.00,1175.00,1155.99,0.00
2014-09-18,1175.00,1175.00,1175.00,1175.00,1155.99,0.00
2014-09-19,1210.00,1210.00,1210.00,1210.00,1190.43,100.00
2014-09-22,1210.00,1210.00,1210.00,1210.00,1190.43,0.00
2014-09-23,1210.00,1210.00,1210.00,1210.00,1190.43,0.00
2014-09-24,1210.00,1210.00,1210.00,1210.00,1190.43,0.00
2014-09-25,1108.79,1108.79,1108.79,1108.79,1090.85,200.00
2014-09-26,1108.79,1108.79,1108.79,1108.79,1090.85,0.00
2014-09-29,1108.79,1108.79,1108.79,1108.79,1090.85,0.00
2014-09-30,1108.79,1108.79,1108.79,1108.79,1090.85,0.00
2014-10-01,1108.79,1108.79,1108.79,1108.79,1090.85,0.00
2014-10-02,1108.79,1108.79,1108.79,1108.79,1090.85,0.00
2014-10-03,1108.79,1108.79,1108.79,1108.79,1090.85,0.00
2014-10-06,1108.79,1108.79,1108.79,1108.79,1090.85,0.00
2014-10-07,1108.79,1108.79,1108.79,1108.79,1090.85,0.00
2014-10-08,1108.79,1108.79,1108.79,1108.79,1090.85,0.00
2014-10-09,1108.79,1108.79,1108.79,1108.79,1090.85,0.00
2014-10-10,1108.79,1108.79,1108.79,1108.79,1090.85,0.00
2014-10-13,1100.00,1100.00,1100.00,1100.00,1082.21,200.00
2014-10-14,1100.00,1100.00,1100.00,1100.00,1082.21,0.00
2014-10-15,1059.22,1130.00,1059.22,1130.00,1111.72,600.00
2014-10-16,1130.00,1130.00,1130.00,1130.00,1111.72,0.00
2014-10-17,1130.00,1130.00,1130.00,1130.00,1111.72,0.00
2014-10-20,1130.00,1130.00,1130.00,1130.00,1111.72,0.00
2014-10-21,1130.00,1130.00,1130.00,1130.00,1111.72,0.00
2014-10-22,1130.00,1130.00,1130.00,1130.00,1111.72,0.00
2014-10-23,1056.03,1056.03,1056.03,1056.03,1038.95,600.00
2014-10-24,1056.03,1056.03,1056.03,1056.03,1038.95,0.00
2014-10-27,1000.00,1010.00,1000.00,1010.00,993.66,100.00
2014-10-28,1010.00,1010.00,1010.00,1010.00,993.66,0.00
2014-10-29,1010.00,1010.00,1010.00,1010.00,993.66,0.00
2014-10-30,1050.00,1050.00,1050.00,1050.00,1033.01,100.00
2014-10-31,1125.77,1125.77,1125.77,1125.77,1107.56,200.00
2014-11-03,1125.77,1125.77,1125.77,1125.77,1107.56,0.00
2014-11-04,1125.77,1125.77,1125.77,1125.77,1107.56,0.00
2014-11-05,1125.77,1125.77,1125.77,1125.77,1107.56,0.00
2014-11-06,1125.77,1125.77,1125.77,1125.77,1107.56,0.00
2014-11-07,1125.77,1125.77,1125.77,1125.77,1107.56,0.00
2014-11-10,1225.00,1225.00,1225.00,1225.00,1205.18,0.00
2014-11-11,1100.00,1100.00,1100.00,1100.00,1082.21,0.00
2014-11-12,1100.00,1100.00,1100.00,1100.00,1082.21,0.00
2014-11-13,1100.24,1100.24,1100.24,1100.24,1082.44,100.00
2014-11-14,1100.24,1100.24,1100.24,1100.24,1082.44,0.00
2014-11-17,1050.00,1050.00,1050.00,1050.00,1033.01,0.00
2014-11-18,1101.00,1101.00,1101.00,1101.00,1083.19,100.00
2014-11-19,1101.00,1101.00,1101.00,1101.00,1083.19,0.00
2014-11-20,1101.00,1101.00,1101.00,1101.00,1083.19,0.00
2014-11-21,1101.00,1101.00,1101.00,1101.00,1083.19,0.00
2014-11-24,1080.00,1080.00,1080.00,1080.00,1062.53,0.00
2014-11-25,1080.00,1080.00,1080.00,1080.00,1062.53,0.00
2014-11-26,1080.00,1080.00,1080.00,1080.00,1062.53,0.00
2014-11-28,1080.00,1080.00,1080.00,1080.00,1062.53,0.00
2014-12-01,1080.00,1080.00,1080.00,1080.00,1062.53,0.00
2014-12-02,1100.00,1100.00,1100.00,1100.00,1082.21,100.00
2014-12-03,1100.00,1100.00,1100.00,1100.00,1082.21,0.00
2014-12-04,1100.00,1100.00,1100.00,1100.00,1082.21,0.00
2014-12-05,1100.00,1100.00,1100.00,1100.00,1082.21,0.00
2014-12-08,1100.00,1100.00,1100.00,1100.00,1082.21,0.00
2014-12-09,1100.00,1100.00,1100.00,1100.00,1082.21,0.00
2014-12-10,1100.00,1100.00,1100.00,1100.00,1082.21,0.00
2014-12-11,1100.00,1100.00,1100.00,1100.00,1082.21,0.00
2014-12-12,1100.00,1100.00,1100.00,1100.00,1082.21,0.00
2014-12-15,1100.00,1100.00,1100.00,1100.00,1082.21,0.00
2014-12-16,1100.00,1100.00,1100.00,1100.00,1082.21,0.00
2014-12-17,1100.00,1100.00,1100.00,1100.00,1082.21,0.00
2014-12-18,1100.00,1100.00,1100.00,1100.00,1082.21,0.00
2014-12-19,1100.00,1100.00,1100.00,1100.00,1082.21,0.00
2014-12-22,1100.00,1100.00,1100.00,1100.00,1082.21,0.00
2014-12-23,1100.00,1100.00,1100.00,1100.00,1082.21,0.00
2014-12-24,1100.00,1100.00,1100.00,1100.00,1082.21,0.00
2014-12-26,1100.00,1100.00,1100.00,1100.00,1082.21,0.00
2014-12-29,1100.00,1100.00,1100.00,1100.00,1100.00,0.00
2014-12-30,1100.00,1100.00,1100.00,1100.00,1100.00,0.00
2014-12-31,1100.00,1100.00,1100.00,1100.00,1100.00,0.00
2015-01-02,1100.00,1100.00,1100.00,1100.00,1100.00,0.00
2015-01-05,1250.00,1250.00,1250.00,1250.00,1250.00,100.00
2015-01-06,1250.00,1250.00,1250.00,1250.00,1250.00,0.00
2015-01-07,1250.00,1250.00,1250.00,1250.00,1250.00,0.00
2015-01-08,1250.00,1250.00,1250.00,1250.00,1250.00,0.00
2015-01-09,1250.00,1250.00,1250.00,1250.00,1250.00,0.00
2015-01-12,1250.00,1250.00,1250.00,1250.00,1250.00,0.00
2015-01-13,1250.00,1250.00,1250.00,1250.00,1250.00,0.00
2015-01-14,1250.00,1250.00,1250.00,1250.00,1250.00,0.00
2015-01-15,1250.00,1250.00,1250.00,1250.00,1250.00,0.00
2015-01-16,1250.00,1250.00,1250.00,1250.00,1250.00,0.00
2015-01-20,1250.00,1250.00,1250.00,1250.00,1250.00,0.00
2015-01-21,1250.00,1250.00,1250.00,1250.00,1250.00,0.00
2015-01-22,1250.00,1250.00,1250.00,1250.00,1250.00,0.00
2015-01-23,1250.00,1250.00,1250.00,1250.00,1250.00,0.00
2015-01-26,1250.00,1250.00,1250.00,1250.00,1250.00,0.00
2015-01-27,1250.00,1250.00,1250.00,1250.00,1250.00,0.00
2015-01-28,1250.00,1250.00,1250.00,1250.00,1250.00,0.00
2015-01-29,1250.00,1250.00,1250.00,1250.00,1250.00,0.00
2015-01-30,1250.00,1250.00,1250.00,1250.00,1250.00,0.00
2015-02-02,1250.00,1250.00,1250.00,1250.00,1250.00,0.00
2015-02-03,1250.00,1250.00,1250.00,1250.00,1250.00,0.00
2015-02-04,1250.00,1250.00,1250.00,1250.00,1250.00,0.00
2015-02-05,1250.00,1250.00,1250.00,1250.00,1250.00,0.00
2015-02-06,1200.00,1200.00,1200.00,1200.00,1200.00,100.00
2015-02-09,1200.00,1200.00,1200.00,1200.00,1200.00,0.00
2015-02-10,1200.00,1200.00,1200.00,1200.00,1200.00,0.00
2015-02-11,1200.00,1200.00,1200.00,1200.00,1200.00,0.00
2015-02-12,1200.00,1200.00,1200.00,1200.00,1200.00,0.00
2015-02-13,1200.00,1200.00,1200.00,1200.00,1200.00,0.00
2015-02-17,1200.00,1200.00,1200.00,1200.00,1200.00,0.00
2015-02-18,1200.00,1200.00,1200.00,1200.00,1200.00,0.00
2015-02-19,1200.00,1200.00,1200.00,1200.00,1200.00,0.00
2015-02-20,1200.00,1200.00,1200.00,1200.00,1200.00,100.00
2015-02-23,1200.00,1200.00,1200.00,1200.00,1200.00,0.00
2015-02-24,1200.00,1200.00,1200.00,1200.00,1200.00,0.00
2015-02-25,1200.00,1200.00,1200.00,1200.00,1200.00,0.00
2015-02-26,1200.00,1200.00,1200.00,1200.00,1200.00,0.00
2015-02-27,1200.00,1200.00,1200.00,1200.00,1200.00,0.00
2015-03-02,1200.00,1200.00,1200.00,1200.00,1200.00,0.00
2015-03-03,1200.00,1200.00,1200.00,1200.00,1200.00,0.00
2015-03-04,1200.00,1200.00,1200.00,1200.00,1200.00,0.00
2015-03-05,1200.00,1200.00,1200.00,1200.00,1200.00,0.00
2015-03-06,1200.00,1200.00,1200.00,1200.00,1200.00,0.00
2015-03-09,1200.00,1200.00,1200.00,1200.00,1200.00,0.00
2015-03-10,1200.00,1200.00,1200.00,1200.00,1200.00,0.00
2015-03-11,1200.00,1200.00,1200.00,1200.00,1200.00,0.00
2015-03-12,1200.00,1200.00,1200.00,1200.00,1200.00,0.00
2015-03-13,1200.00,1200.00,1200.00,1200.00,1200.00,0.00
2015-03-16,1200.00,1200.00,1200.00,1200.00,1200.00,0.00
2015-03-17,1200.00,1200.00,1200.00,1200.00,1200.00,0.00
2015-03-18,1200.00,1200.00,1200.00,1200.00,1200.00,0.00
2015-03-19,1200.00,1200.00,1200.00,1200.00,1200.00,0.00
2015-03-20,1200.00,1200.00,1200.00,1200.00,1200.00,0.00
2015-03-23,1200.00,1200.00,1200.00,1200.00,1200.00,0.00
2015-03-24,1200.00,1200.00,1200.00,1200.00,1200.00,0.00
2015-03-25,1200.00,1200.00,1200.00,1200.00,1200.00,0.00
2015-03-26,1200.00,1200.00,1200.00,1200.00,1200.00,0.00
2015-03-27,1200.00,1200.00,1200.00,1200.00,1200.00,0.00
2015-03-30,1200.00,1200.00,1200.00,1200.00,1200.00,0.00
2015-03-31,1200.00,1200.00,1200.00,1200.00,1200.00,0.00
2015-04-01,1200.00,1200.00,1200.00,1200.00,1200.00,0.00
2015-04-02,1200.00,1200.00,1200.00,1200.00,1200.00,0.00
2015-04-06,1275.00,1275.00,1275.00,1275.00,1275.00,100.00
2015-04-07,1275.00,1275.00,1275.00,1275.00,1275.00,0.00
2015-04-08,1275.00,1275.00,1275.00,1275.00,1275.00,0.00
2015-04-09,1275.00,1275.00,1275.00,1275.00,1275.00,0.00
2015-04-10,1275.00,1275.00,1275.00,1275.00,1275.00,0.00
2015-04-13,1275.00,1275.00,1275.00,1275.00,1275.00,0.00
2015-04-14,1275.00,1275.00,1275.00,1275.00,1275.00,0.00
2015-04-15,1275.00,1275.00,1275.00,1275.00,1275.00,0.00
2015-04-16,1275.00,1275.00,1275.00,1275.00,1275.00,0.00
2015-04-17,1275.00,1275.00,1275.00,1275.00,1275.00,0.00
2015-04-20,1275.00,1275.00,1275.00,1275.00,1275.00,0.00
2015-04-21,1275.00,1275.00,1275.00,1275.00,1275.00,0.00
2015-04-22,1275.00,1275.00,1275.00,1275.00,1275.00,100.00
2015-04-23,1275.00,1275.00,1275.00,1275.00,1275.00,0.00
2015-04-24,1275.00,1275.00,1275.00,1275.00,1275.00,0.00
2015-04-27,1286.85,1286.85,1286.85,1286.85,1286.85,200.00
2015-04-28,1286.85,1286.85,1286.85,1286.85,1286.85,0.00
2015-04-29,1286.85,1286.85,1286.85,1286.85,1286.85,0.00
2015-04-30,1286.85,1286.85,1286.85,1286.85,1286.85,0.00
2015-05-01,1286.85,1286.85,1286.85,1286.85,1286.85,0.00
2015-05-04,1286.85,1286.85,1286.85,1286.85,1286.85,0.00
2015-05-05,1286.85,1286.85,1286.85,1286.85,1286.85,0.00
2015-05-06,1286.85,1286.85,1286.85,1286.85,1286.85,0.00
2015-05-07,1286.85,1286.85,1286.85,1286.85,1286.85,0.00
2015-05-08,1286.85,1286.85,1286.85,1286.85,1286.85,0.00
2015-05-11,1286.85,1286.85,1286.85,1286.85,1286.85,0.00
2015-05-12,1286.85,1286.85,1286.85,1286.85,1286.85,0.00
2015-05-13,1286.85,1286.85,1286.85,1286.85,1286.85,0.00
2015-05-14,1286.85,1286.85,1286.85,1286.85,1286.85,0.00
2015-05-15,1286.85,1286.85,1286.85,1286.85,1286.85,0.00
2015-05-18,1286.85,1286.85,1286.85,1286.85,1286.85,0.00
2015-05-19,1286.85,1286.85,1286.85,1286.85,1286.85,0.00
2015-05-20,1286.85,1286.85,1286.85,1286.85,1286.85,0.00
2015-05-21,1239.14,1239.14,1239.14,1239.14,1239.14,1700.00
2015-05-22,1239.14,1239.14,1239.14,1239.14,1239.14,0.00
2015-05-26,1239.14,1239.14,1239.14,1239.14,1239.14,0.00
2015-05-27,1150.00,1150.00,1150.00,1150.00,1150.00,100.00
2015-05-28,1150.00,1150.00,1150.00,1150.00,1150.00,0.00
2015-05-29,1150.00,1150.00,1150.00,1150.00,1150.00,0.00
2015-06-01,1150.00,1150.00,1150.00,1150.00,1150.00,0.00
2015-06-02,1150.00,1150.00,1150.00,1150.00,1150.00,0.00
2015-06-03,1150.00,1150.00,1150.00,1150.00,1150.00,0.00
2015-06-04,1150.00,1150.00,1150.00,1150.00,1150.00,0.00
2015-06-05,1150.00,1150.00,1150.00,1150.00,1150.00,0.00
2015-06-08,1150.00,1150.00,1150.00,1150.00,1150.00,0.00
2015-06-09,1150.00,1150.00,1150.00,1150.00,1150.00,0.00
2015-06-10,1150.00,1150.00,1150.00,1150.00,1150.00,0.00
2015-06-11,1150.00,1150.00,1150.00,1150.00,1150.00,0.00
2015-06-12,1200.00,1200.00,1200.00,1200.00,1200.00,100.00
2015-06-15,1200.00,1200.00,1200.00,1200.00,1200.00,0.00
2015-06-16,1200.00,1200.00,1200.00,1200.00,1200.00,0.00
2015-06-17,1200.00,1200.00,1200.00,1200.00,1200.00,0.00
2015-06-18,1200.00,1200.00,1200.00,1200.00,1200.00,0.00
2015-06-19,1200.00,1200.00,1200.00,1200.00,1200.00,0.00
2015-06-22,1200.00,1200.00,1200.00,1200.00,1200.00,0.00
2015-06-23,1200.00,1200.00,1200.00,1200.00,1200.00,0.00
2015-06-24,1200.00,1200.00,1200.00,1200.00,1200.00,0.00
2015-06-25,1200.00,1200.00,1200.00,1200.00,1200.00,0.00
2015-06-26,1200.00,1200.00,1200.00,1200.00,1200.00,0.00
2015-06-29,1110.00,1110.00,1110.00,1110.00,1110.00,100.00
2015-06-30,1110.00,1110.00,1110.00,1110.00,1110.00,0.00
2015-07-01,1110.00,1110.00,1110.00,1110.00,1110.00,0.00
2015-07-02,1110.00,1110.00,1110.00,1110.00,1110.00,0.00
2015-07-06,1110.00,1110.00,1110.00,1110.00,1110.00,0.00
2015-07-07,1110.00,1110.00,1110.00,1110.00,1110.00,0.00
2015-07-08,1110.00,1110.00,1110.00,1110.00,1110.00,0.00
2015-07-09,1110.00,1110.00,1110.00,1110.00,1110.00,0.00
2015-07-10,1110.00,1110.00,1110.00,1110.00,1110.00,0.00
2015-07-13,1110.00,1110.00,1110.00,1110.00,1110.00,0.00
2015-07-14,1110.00,1110.00,1110.00,1110.00,1110.00,0.00
2015-07-15,1110.00,1110.00,1110.00,1110.00,1110.00,0.00
2015-07-16,1110.00,1110.00,1110.00,1110.00,1110.00,0.00
2015-07-17,1110.00,1110.00,1110.00,1110.00,1110.00,0.00
2015-07-20,1110.00,1110.00,1110.00,1110.00,1110.00,0.00
2015-07-21,1110.00,1110.00,1110.00,1110.00,1110.00,0.00
2015-07-22,1110.00,1110.00,1110.00,1110.00,1110.00,0.00
2015-07-23,1110.00,1110.00,1110.00,1110.00,1110.00,0.00
2015-07-24,1110.00,1110.00,1110.00,1110.00,1110.00,0.00
2015-07-27,1110.00,1110.00,1110.00,1110.00,1110.00,0.00
2015-07-28,1047.00,1047.00,1047.00,1047.00,1047.00,100.00
2015-07-29,1047.00,1047.00,1047.00,1047.00,1047.00,0.00
2015-07-30,1047.00,1047.00,1047.00,1047.00,1047.00,0.00
2015-07-31,1047.00,1047.00,1047.00,1047.00,1047.00,0.00
2015-08-03,1047.00,1047.00,1047.00,1047.00,1047.00,0.00
2015-08-04,1047.00,1047.00,1047.00,1047.00,1047.00,0.00
2015-08-05,1047.00,1047.00,1047.00,1047.00,1047.00,0.00
2015-08-06,1047.00,1047.00,1047.00,1047.00,1047.00,0.00
2015-08-07,1047.00,1047.00,1047.00,1047.00,1047.00,0.00
2015-08-10,969.40,969.40,969.40,969.40,969.40,100.00
2015-08-11,969.40,969.40,969.40,969.40,969.40,0.00
2015-08-12,969.40,969.40,969.40,969.40,969.40,0.00
2015-08-13,969.40,969.40,969.40,969.40,969.40,0.00
2015-08-14,969.40,969.40,969.40,969.40,969.40,0.00
2015-08-17,969.40,969.40,969.40,969.40,969.40,0.00
2015-08-18,969.40,969.40,969.40,969.40,969.40,0.00
2015-08-19,969.40,969.40,969.40,969.40,969.40,0.00
2015-08-20,969.40,969.40,969.40,969.40,969.40,0.00
2015-08-21,969.40,969.40,969.40,969.40,969.40,0.00
2015-08-24,969.40,969.40,969.40,969.40,969.40,0.00
2015-08-25,969.40,969.40,969.40,969.40,969.40,0.00
2015-08-26,969.40,969.40,969.40,969.40,969.40,0.00
2015-08-27,850.00,850.00,850.00,850.00,850.00,100.00
2015-08-28,875.00,875.00,875.00,875.00,875.00,200.00
2015-08-31,875.00,875.00,875.00,875.00,875.00,0.00
2015-09-01,875.00,875.00,875.00,875.00,875.00,0.00
2015-09-02,875.00,875.00,875.00,875.00,875.00,0.00
2015-09-03,875.00,875.00,875.00,875.00,875.00,0.00
2015-09-04,875.00,875.00,875.00,875.00,875.00,0.00
2015-09-08,875.00,875.00,875.00,875.00,875.00,0.00
2015-09-09,875.00,875.00,875.00,875.00,875.00,0.00
2015-09-10,875.00,875.00,875.00,875.00,875.00,0.00
2015-09-11,875.00,875.00,875.00,875.00,875.00,0.00
2015-09-14,875.00,875.00,875.00,875.00,875.00,0.00
2015-09-15,875.00,875.00,875.00,875.00,875.00,0.00
2015-09-16,875.00,875.00,875.00,875.00,875.00,0.00
2015-09-17,875.00,875.00,875.00,875.00,875.00,0.00
2015-09-18,875.00,875.00,875.00,875.00,875.00,0.00
2015-09-21,875.00,875.00,875.00,875.00,875.00,0.00
2015-09-22,875.00,875.00,875.00,875.00,875.00,0.00
2015-09-23,900.00,900.00,900.00,900.00,900.00,100.00
2015-09-24,900.00,900.00,900.00,900.00,900.00,0.00
2015-09-25,900.00,900.00,900.00,900.00,900.00,5600.00
2015-09-28,900.00,900.00,900.00,900.00,900.00,0.00
2015-09-29,900.00,900.00,900.00,900.00,900.00,0.00
2015-09-30,900.00,900.00,900.00,900.00,900.00,0.00
2015-10-01,900.00,900.00,900.00,900.00,900.00,0.00
2015-10-02,900.00,900.00,900.00,900.00,900.00,0.00
2015-10-05,900.00,900.00,900.00,900.00,900.00,0.00
2015-10-06,900.00,900.00,900.00,900.00,900.00,0.00
2015-10-07,900.00,900.00,900.00,900.00,900.00,0.00
2015-10-08,1000.00,1000.00,1000.00,1000.00,1000.00,1000.00
2015-10-09,1000.00,1000.00,1000.00,1000.00,1000.00,0.00
2015-10-12,1000.00,1000.00,1000.00,1000.00,1000.00,0.00
2015-10-13,1000.00,1000.00,1000.00,1000.00,1000.00,0.00
2015-10-14,1000.00,1000.00,1000.00,1000.00,1000.00,0.00
2015-10-15,1050.00,1050.00,1050.00,1050.00,1050.00,100.00
2015-10-16,1050.00,1050.00,1050.00,1050.00,1050.00,0.00
2015-10-19,1050.00,1050.00,1050.00,1050.00,1050.00,0.00
2015-10-20,1050.00,1050.00,1050.00,1050.00,1050.00,0.00
2015-10-21,1050.00,1050.00,1050.00,1050.00,1050.00,0.00
2015-10-22,1050.00,1050.00,1050.00,1050.00,1050.00,0.00
2015-10-23,1050.00,1050.00,1050.00,1050.00,1050.00,0.00
2015-10-26,1050.00,1050.00,1050.00,1050.00,1050.00,0.00
2015-10-27,1050.00,1050.00,1050.00,1050.00,1050.00,0.00
2015-10-28,1050.00,1050.00,1050.00,1050.00,1050.00,0.00
2015-10-29,1050.00,1050.00,1050.00,1050.00,1050.00,0.00
2015-10-30,1050.00,1050.00,1050.00,1050.00,1050.00,0.00
2015-11-02,1050.00,1050.00,1050.00,1050.00,1050.00,100.00
2015-11-03,1050.00,1050.00,1050.00,1050.00,1050.00,0.00
2015-11-04,1050.00,1050.00,1050.00,1050.00,1050.00,0.00
2015-11-05,1100.00,1100.00,1100.00,1100.00,1100.00,100.00
2015-11-06,1100.00,1100.00,1100.00,1100.00,1100.00,0.00
2015-11-09,1100.00,1100.00,1100.00,1100.00,1100.00,0.00
2015-11-10,1100.00,1100.00,1100.00,1100.00,1100.00,0.00
2015-11-11,1100.00,1100.00,1100.00,1100.00,1100.00,0.00
2015-11-12,1100.00,1100.00,1100.00,1100.00,1100.00,0.00
2015-11-13,1100.00,1100.00,1100.00,1100.00,1100.00,0.00
2015-11-16,1100.00,1100.00,1100.00,1100.00,1100.00,0.00
2015-11-17,1100.00,1100.00,1100.00,1100.00,1100.00,0.00
2015-11-18,1100.00,1100.00,1100.00,1100.00,1100.00,0.00
2015-11-19,1100.00,1100.00,1100.00,1100.00,1100.00,0.00
2015-11-20,1100.00,1100.00,1100.00,1100.00,1100.00,0.00
2015-11-23,1100.00,1100.00,1100.00,1100.00,1100.00,0.00
2015-11-24,1100.00,1100.00,1100.00,1100.00,1100.00,0.00
2015-11-25,1100.00,1100.00,1100.00,1100.00,1100.00,0.00
2015-11-27,1100.00,1100.00,1100.00,1100.00,1100.00,0.00
2015-11-30,1100.00,1100.00,1100.00,1100.00,1100.00,0.00
2015-12-01,1100.00,1100.00,1100.00,1100.00,1100.00,0.00
2015-12-02,1100.00,1100.00,1100.00,1100.00,1100.00,0.00
2015-12-03,1100.00,1100.00,1100.00,1100.00,1100.00,0.00
2015-12-04,1100.00,1100.00,1100.00,1100.00,1100.00,0.00
2015-12-07,1100.00,1100.00,1100.00,1100.00,1100.00,0.00
2015-12-08,1100.00,1100.00,1100.00,1100.00,1100.00,0.00
2015-12-09,1100.00,1100.00,1100.00,1100.00,1100.00,0.00
2015-12-10,1100.00,1100.00,1100.00,1100.00,1100.00,0.00
2015-12-11,1100.00,1100.00,1100.00,1100.00,1100.00,0.00
2015-12-14,1100.00,1100.00,1100.00,1100.00,1100.00,0.00
2015-12-15,1100.00,1100.00,1100.00,1100.00,1100.00,0.00
2015-12-16,1100.00,1100.00,1100.00,1100.00,1100.00,0.00
2015-12-17,1100.00,1100.00,1100.00,1100.00,1100.00,0.00
2015-12-18,1100.00,1100.00,1100.00,1100.00,1100.00,0.00
2015-12-21,1100.00,1100.00,1100.00,1100.00,1100.00,0.00
2015-12-22,1100.00,1100.00,1100.00,1100.00,1100.00,0.00
2015-12-23,1100.00,1100.00,1100.00,1100.00,1100.00,0.00
2015-12-24,1100.00,1100.00,1100.00,1100.00,1100.00,0.00
2015-12-28,1025.00,1025.00,1025.00,1025.00,1025.00,100.00
2015-12-29,1025.00,1025.00,1025.00,1025.00,1025.00,0.00
2015-12-30,1025.00,1025.00,1025.00,1025.00,1025.00,0.00
2015-12-31,1025.00,1025.00,1025.00,1025.00,1025.00,0.00
2016-01-04,1025.00,1025.00,1025.00,1025.00,1025.00,0.00
2016-01-05,1025.00,1025.00,1025.00,1025.00,1025.00,0.00
2016-01-06,1025.00,1025.00,1025.00,1025.00,1025.00,0.00
2016-01-07,1025.00,1025.00,1025.00,1025.00,1025.00,0.00
2016-01-08,1025.00,1025.00,1025.00,1025.00,1025.00,0.00
2016-01-11,1025.00,1025.00,1025.00,1025.00,1025.00,0.00
2016-01-12,1025.00,1025.00,1025.00,1025.00,1025.00,0.00
2016-01-13,1025.00,1025.00,1025.00,1025.00,1025.00,0.00
2016-01-14,1025.00,1025.00,1025.00,1025.00,1025.00,0.00
2016-01-15,1025.00,1025.00,1025.00,1025.00,1025.00,0.00
2016-01-19,1025.00,1025.00,1025.00,1025.00,1025.00,0.00
2016-01-20,1025.00,1025.00,1025.00,1025.00,1025.00,0.00
2016-01-21,1025.00,1025.00,1025.00,1025.00,1025.00,0.00
2016-01-22,1025.00,1025.00,1025.00,1025.00,1025.00,0.00
2016-01-25,1025.00,1025.00,1025.00,1025.00,1025.00,0.00
2016-01-26,1025.00,1025.00,1025.00,1025.00,1025.00,0.00
2016-01-27,1025.00,1025.00,1025.00,1025.00,1025.00,0.00
2016-01-28,1025.00,1025.00,1025.00,1025.00,1025.00,0.00
2016-01-29,1025.00,1025.00,1025.00,1025.00,1025.00,0.00
2016-02-01,1025.00,1025.00,1025.00,1025.00,1025.00,0.00
2016-02-02,1025.00,1025.00,1025.00,1025.00,1025.00,0.00
2016-02-03,1025.00,1025.00,1025.00,1025.00,1025.00,0.00
2016-02-04,1025.00,1025.00,1025.00,1025.00,1025.00,0.00
2016-02-05,1025.00,1025.00,1025.00,1025.00,1025.00,0.00
2016-02-08,1025.00,1025.00,1025.00,1025.00,1025.00,0.00
2016-02-09,1025.00,1025.00,1025.00,1025.00,1025.00,0.00
2016-02-10,1025.00,1025.00,1025.00,1025.00,1025.00,0.00
2016-02-11,1025.00,1025.00,1025.00,1025.00,1025.00,0.00
2016-02-12,1025.00,1025.00,1025.00,1025.00,1025.00,0.00
2016-02-16,1025.00,1025.00,1025.00,1025.00,1025.00,0.00
2016-02-17,1025.00,1025.00,1025.00,1025.00,1025.00,0.00
2016-02-18,1000.00,1000.00,1000.00,1000.00,1000.00,100.00
2016-02-19,1000.00,1000.00,1000.00,1000.00,1000.00,0.00
2016-02-22,1000.00,1000.00,1000.00,1000.00,1000.00,0.00
2016-02-23,1000.00,1000.00,1000.00,1000.00,1000.00,0.00
2016-02-24,1000.00,1000.00,1000.00,1000.00,1000.00,0.00
2016-02-25,1000.00,1000.00,1000.00,1000.00,1000.00,0.00
2016-02-26,1000.00,1000.00,1000.00,1000.00,1000.00,0.00
2016-02-29,1000.00,1000.00,1000.00,1000.00,1000.00,0.00
2016-03-01,1000.00,1000.00,1000.00,1000.00,1000.00,0.00
2016-03-02,1000.00,1000.00,1000.00,1000.00,1000.00,0.00
2016-03-03,1000.00,1000.00,1000.00,1000.00,1000.00,0.00
2016-03-04,1000.00,1000.00,1000.00,1000.00,1000.00,0.00
2016-03-07,1000.00,1000.00,1000.00,1000.00,1000.00,0.00
2016-03-08,1000.00,1000.00,1000.00,1000.00,1000.00,0.00
2016-03-09,1000.00,1000.00,1000.00,1000.00,1000.00,0.00
2016-03-10,1000.00,1000.00,1000.00,1000.00,1000.00,0.00
2016-03-11,1000.00,1000.00,1000.00,1000.00,1000.00,0.00
2016-03-14,1000.00,1000.00,1000.00,1000.00,1000.00,0.00
2016-03-15,1000.00,1000.00,1000.00,1000.00,1000.00,0.00
2016-03-16,1000.00,1000.00,1000.00,1000.00,1000.00,0.00
2016-03-17,1000.00,1000.00,1000.00,1000.00,1000.00,0.00
2016-03-18,1000.00,1000.00,1000.00,1000.00,1000.00,0.00
2016-03-21,1000.00,1000.00,1000.00,1000.00,1000.00,0.00
2016-03-22,1000.00,1000.00,1000.00,1000.00,1000.00,0.00
2016-03-23,1000.00,1000.00,1000.00,1000.00,1000.00,0.00
2016-03-24,1000.00,1000.00,1000.00,1000.00,1000.00,0.00
2016-03-28,1000.00,1000.00,1000.00,1000.00,1000.00,0.00
2016-03-29,1000.00,1000.00,1000.00,1000.00,1000.00,0.00
2016-03-30,1000.00,1000.00,1000.00,1000.00,1000.00,0.00
2016-03-31,1000.00,1000.00,1000.00,1000.00,1000.00,0.00
2016-04-01,1000.00,1000.00,1000.00,1000.00,1000.00,0.00
2016-04-04,1000.00,1000.00,1000.00,1000.00,1000.00,0.00
2016-04-05,1000.00,1000.00,1000.00,1000.00,1000.00,0.00
2016-04-06,1000.00,1000.00,1000.00,1000.00,1000.00,0.00
2016-04-07,1000.00,1000.00,1000.00,1000.00,1000.00,1300.00
2016-04-08,1000.00,1000.00,1000.00,1000.00,1000.00,0.00
2016-04-11,1000.00,1000.00,1000.00,1000.00,1000.00,0.00
2016-04-12,1050.00,1050.00,1050.00,1050.00,1050.00,100.00
2016-04-13,1050.00,1050.00,1050.00,1050.00,1050.00,0.00
2016-04-14,1050.00,1050.00,1050.00,1050.00,1050.00,0.00
2016-04-15,1050.00,1050.00,1050.00,1050.00,1050.00,0.00
2016-04-18,1050.00,1050.00,1050.00,1050.00,1050.00,0.00
2016-04-19,1050.00,1050.00,1050.00,1050.00,1050.00,0.00
2016-04-20,1050.00,1050.00,1050.00,1050.00,1050.00,0.00
2016-04-21,1050.00,1050.00,1050.00,1050.00,1050.00,0.00
2016-04-22,1050.00,1050.00,1050.00,1050.00,1050.00,0.00
2016-04-25,1050.00,1050.00,1050.00,1050.00,1050.00,0.00
2016-04-26,1050.00,1050.00,1050.00,1050.00,1050.00,0.00
2016-04-27,1050.00,1050.00,1050.00,1050.00,1050.00,0.00
2016-04-28,1050.00,1050.00,1050.00,1050.00,1050.00,0.00
2016-04-29,1050.00,1050.00,1050.00,1050.00,1050.00,0.00
2016-05-02,1050.00,1050.00,1050.00,1050.00,1050.00,0.00
2016-05-03,1050.00,1050.00,1050.00,1050.00,1050.00,0.00
2016-05-04,1050.00,1050.00,1050.00,1050.00,1050.00,0.00
2016-05-05,1050.00,1050.00,1050.00,1050.00,1050.00,0.00
2016-05-06,1050.00,1050.00,1050.00,1050.00,1050.00,0.00
2016-05-09,1050.00,1050.00,1050.00,1050.00,1050.00,0.00
2016-05-10,1050.00,1050.00,1050.00,1050.00,1050.00,0.00
2016-05-11,1050.00,1050.00,1050.00,1050.00,1050.00,0.00
2016-05-12,1050.00,1050.00,1050.00,1050.00,1050.00,0.00
2016-05-13,1050.00,1050.00,1050.00,1050.00,1050.00,0.00
2016-05-16,1050.00,1050.00,1050.00,1050.00,1050.00,0.00
2016-05-17,1050.00,1050.00,1050.00,1050.00,1050.00,0.00
2016-05-18,1050.00,1050.00,1050.00,1050.00,1050.00,0.00
2016-05-19,1050.00,1050.00,1050.00,1050.00,1050.00,0.00
2016-05-20,1050.00,1050.00,1050.00,1050.00,1050.00,0.00
2016-05-23,1050.00,1050.00,1050.00,1050.00,1050.00,0.00
2016-05-24,1050.00,1050.00,1050.00,1050.00,1050.00,0.00
2016-05-25,1050.00,1050.00,1050.00,1050.00,1050.00,0.00
2016-05-26,1050.00,1050.00,1050.00,1050.00,1050.00,0.00
2016-05-27,1050.00,1050.00,1050.00,1050.00,1050.00,0.00
2016-05-31,1050.00,1050.00,1050.00,1050.00,1050.00,0.00
2016-06-01,1050.00,1050.00,1050.00,1050.00,1050.00,0.00
2016-06-02,1050.00,1050.00,1050.00,1050.00,1050.00,0.00
2016-06-03,1050.00,1050.00,1050.00,1050.00,1050.00,0.00
2016-06-06,1050.00,1050.00,1050.00,1050.00,1050.00,0.00
2016-06-07,1050.00,1050.00,1050.00,1050.00,1050.00,0.00
2016-06-08,1050.00,1050.00,1050.00,1050.00,1050.00,0.00
2016-06-09,1050.00,1050.00,1050.00,1050.00,1050.00,0.00
2016-06-10,1050.00,1050.00,1050.00,1050.00,1050.00,0.00
2016-06-13,1120.00,1120.00,1120.00,1120.00,1120.00,100.00
2016-06-14,1120.00,1120.00,1120.00,1120.00,1120.00,0.00
2016-06-15,1120.00,1120.00,1120.00,1120.00,1120.00,0.00
2016-06-16,1120.00,1120.00,1120.00,1120.00,1120.00,0.00
2016-06-17,1120.00,1120.00,1120.00,1120.00,1120.00,900.00
2016-06-20,1120.00,1120.00,1120.00,1120.00,1120.00,0.00
2016-06-21,1220.00,1220.00,1220.00,1220.00,1220.00,100.00
2016-06-22,1220.00,1220.00,1220.00,1220.00,1220.00,0.00
2016-06-23,1220.00,1220.00,1220.00,1220.00,1220.00,0.00
2016-06-24,1220.00,1220.00,1220.00,1220.00,1220.00,0.00
2016-06-27,1220.00,1220.00,1220.00,1220.00,1220.00,0.00
2016-06-28,1220.00,1220.00,1220.00,1220.00,1220.00,0.00
2016-06-29,1220.00,1220.00,1220.00,1220.00,1220.00,0.00
2016-06-30,1220.00,1220.00,1220.00,1220.00,1220.00,0.00
2016-07-01,1220.00,1220.00,1220.00,1220.00,1220.00,0.00
2016-07-05,1220.00,1220.00,1220.00,1220.00,1220.00,0.00
2016-07-06,1220.00,1220.00,1220.00,1220.00,1220.00,0.00
2016-07-07,1220.00,1220.00,1220.00,1220.00,1220.00,0.00
2016-07-08,1220.00,1220.00,1220.00,1220.00,1220.00,0.00
2016-07-11,1220.00,1220.00,1220.00,1220.00,1220.00,0.00
2016-07-12,1220.00,1220.00,1220.00,1220.00,1220.00,0.00
2016-07-13,1220.00,1220.00,1220.00,1220.00,1220.00,0.00
2016-07-14,1220.00,1220.00,1220.00,1220.00,1220.00,0.00
2016-07-15,1220.00,1220.00,1220.00,1220.00,1220.00,0.00
2016-07-18,1220.00,1220.00,1220.00,1220.00,1220.00,0.00
2016-07-19,1220.00,1220.00,1220.00,1220.00,1220.00,0.00
2016-07-20,1220.00,1220.00,1220.00,1220.00,1220.00,0.00
2016-07-21,1220.00,1220.00,1220.00,1220.00,1220.00,0.00
2016-07-22,1220.00,1220.00,1220.00,1220.00,1220.00,0.00
2016-07-25,1220.00,1220.00,1220.00,1220.00,1220.00,0.00
2016-07-26,1220.00,1220.00,1220.00,1220.00,1220.00,0.00
2016-07-27,1220.00,1220.00,1220.00,1220.00,1220.00,0.00
2016-07-28,1220.00,1220.00,1220.00,1220.00,1220.00,0.00
2016-07-29,1220.00,1220.00,1220.00,1220.00,1220.00,0.00
2016-08-01,1220.00,1220.00,1220.00,1220.00,1220.00,0.00
2016-08-02,1220.00,1220.00,1220.00,1220.00,1220.00,0.00
2016-08-03,1220.00,1220.00,1220.00,1220.00,1220.00,0.00
2016-08-04,1220.00,1220.00,1220.00,1220.00,1220.00,0.00
2016-08-05,1220.00,1220.00,1220.00,1220.00,1220.00,0.00
2016-08-08,1220.00,1220.00,1220.00,1220.00,1220.00,0.00
2016-08-09,1220.00,1220.00,1220.00,1220.00,1220.00,0.00
2016-08-10,1220.00,1220.00,1220.00,1220.00,1220.00,0.00
2016-08-11,1220.00,1220.00,1220.00,1220.00,1220.00,0.00
2016-08-12,1220.00,1220.00,1220.00,1220.00,1220.00,0.00
2016-08-15,1220.00,1220.00,1220.00,1220.00,1220.00,0.00
2016-08-16,1220.00,1220.00,1220.00,1220.00,1220.00,0.00
2016-08-17,1220.00,1220.00,1220.00,1220.00,1220.00,0.00
2016-08-18,1220.00,1220.00,1220.00,1220.00,1220.00,0.00
2016-08-19,1220.00,1220.00,1220.00,1220.00,1220.00,0.00
2016-08-22,1220.00,1220.00,1220.00,1220.00,1220.00,0.00
2016-08-23,1220.00,1220.00,1220.00,1220.00,1220.00,0.00
2016-08-24,1220.00,1220.00,1220.00,1220.00,1220.00,0.00
2016-08-25,1220.00,1220.00,1220.00,1220.00,1220.00,0.00
2016-08-26,1220.00,1220.00,1220.00,1220.00,1220.00,0.00
2016-08-29,1220.00,1220.00,1220.00,1220.00,1220.00,0.00
2016-08-30,1250.00,1250.00,1250.00,1250.00,1250.00,100.00
2016-08-31,1250.00,1250.00,1250.00,1250.00,1250.00,0.00
2016-09-01,1250.00,1250.00,1250.00,1250.00,1250.00,0.00
2016-09-02,1250.00,1250.00,1250.00,1250.00,1250.00,0.00
2016-09-06,1250.00,1250.00,1250.00,1250.00,1250.00,0.00
2016-09-07,1250.00,1250.00,1250.00,1250.00,1250.00,0.00
2016-09-08,1250.00,1250.00,1250.00,1250.00,1250.00,0.00
2016-09-09,1250.00,1250.00,1250.00,1250.00,1250.00,0.00
2016-09-12,1250.00,1250.00,1250.00,1250.00,1250.00,0.00
2016-09-13,1250.00,1250.00,1250.00,1250.00,1250.00,0.00
2016-09-14,1250.00,1250.00,1250.00,1250.00,1250.00,0.00
2016-09-15,1250.00,1250.00,1250.00,1250.00,1250.00,0.00
2016-09-16,1250.00,1250.00,1250.00,1250.00,1250.00,0.00
2016-09-19,1250.00,1250.00,1250.00,1250.00,1250.00,0.00
2016-09-20,1250.00,1250.00,1250.00,1250.00,1250.00,0.00
2016-09-21,1250.00,1250.00,1250.00,1250.00,1250.00,0.00
2016-09-22,1250.00,1250.00,1250.00,1250.00,1250.00,0.00
2016-09-23,1550.00,1550.00,1490.00,1550.00,1550.00,100.00
2016-09-26,1550.00,1550.00,1550.00,1550.00,1550.00,0.00
2016-09-27,1550.00,1550.00,1550.00,1550.00,1550.00,0.00
2016-09-28,1550.00,1550.00,1550.00,1550.00,1550.00,0.00
2016-09-29,1550.00,1550.00,1550.00,1550.00,1550.00,0.00
2016-09-30,1550.00,1550.00,1550.00,1550.00,1550.00,0.00
2016-10-03,1550.00,1550.00,1550.00,1550.00,1550.00,0.00
2016-10-04,1550.00,1550.00,1550.00,1550.00,1550.00,0.00
2016-10-05,1600.00,1600.00,1600.00,1600.00,1600.00,100.00
2016-10-06,1600.00,1600.00,1600.00,1600.00,1600.00,0.00
2016-10-07,1350.00,1350.00,1350.00,1350.00,1350.00,100.00
2016-10-10,1350.00,1350.00,1350.00,1350.00,1350.00,100.00
2016-10-11,1350.00,1350.00,1350.00,1350.00,1350.00,0.00
2016-10-12,1350.00,1350.00,1350.00,1350.00,1350.00,0.00
2016-10-13,1425.00,1425.00,1425.00,1425.00,1425.00,100.00
2016-10-14,1425.00,1425.00,1425.00,1425.00,1425.00,0.00
2016-10-17,1425.00,1425.00,1425.00,1425.00,1425.00,0.00
2016-10-18,1425.00,1425.00,1425.00,1425.00,1425.00,0.00
2016-10-19,1250.00,1450.00,1250.00,1250.00,1250.00,100.00
2016-10-20,1250.00,1250.00,1250.00,1250.00,1250.00,0.00
2016-10-21,1250.00,1250.00,1250.00,1250.00,1250.00,0.00
2016-10-24,1250.00,1250.00,1250.00,1250.00,1250.00,0.00
2016-10-25,1250.00,1250.00,1250.00,1250.00,1250.00,0.00
2016-10-26,1250.00,1250.00,1250.00,1250.00,1250.00,0.00
2016-10-27,1250.00,1250.00,1250.00,1250.00,1250.00,0.00
2016-10-28,1250.00,1250.00,1250.00,1250.00,1250.00,0.00
2016-10-31,1250.00,1250.00,1250.00,1250.00,1250.00,0.00
2016-11-01,1250.00,1250.00,1250.00,1250.00,1250.00,0.00
2016-11-02,1250.00,1250.00,1250.00,1250.00,1250.00,0.00
2016-11-03,1250.00,1250.00,1250.00,1250.00,1250.00,0.00
2016-11-04,1250.00,1250.00,1250.00,1250.00,1250.00,0.00
2016-11-07,1250.00,1250.00,1250.00,1250.00,1250.00,0.00
2016-11-08,1250.00,1250.00,1250.00,1250.00,1250.00,0.00
2016-11-09,1250.00,1250.00,1250.00,1250.00,1250.00,0.00
2016-11-10,1250.00,1250.00,1250.00,1250.00,1250.00,0.00
2016-11-11,1250.00,1250.00,1250.00,1250.00,1250.00,0.00
2016-11-14,1250.00,1250.00,1250.00,1250.00,1250.00,0.00
2016-11-15,1250.00,1250.00,1250.00,1250.00,1250.00,0.00
2016-11-16,1250.00,1250.00,1250.00,1250.00,1250.00,0.00
2016-11-17,1250.00,1250.00,1250.00,1250.00,1250.00,0.00
2016-11-18,1250.00,1250.00,1250.00,1250.00,1250.00,0.00
2016-11-21,1250.00,1250.00,1250.00,1250.00,1250.00,0.00
2016-11-22,1250.00,1250.00,1250.00,1250.00,1250.00,0.00
2016-11-23,1250.00,1250.00,1250.00,1250.00,1250.00,0.00
2016-11-25,1250.00,1250.00,1250.00,1250.00,1250.00,0.00
2016-11-28,1250.00,1250.00,1250.00,1250.00,1250.00,0.00
2016-11-29,1250.00,1250.00,1250.00,1250.00,1250.00,0.00
2016-11-30,1250.00,1250.00,1250.00,1250.00,1250.00,0.00
2016-12-01,1250.00,1250.00,1250.00,1250.00,1250.00,0.00
2016-12-02,1250.00,1250.00,1250.00,1250.00,1250.00,0.00
2016-12-05,1250.00,1250.00,1250.00,1250.00,1250.00,0.00
2016-12-06,1250.00,1250.00,1250.00,1250.00,1250.00,0.00
2016-12-07,1250.00,1250.00,1250.00,1250.00,1250.00,0.00
2016-12-08,1250.00,1250.00,1250.00,1250.00,1250.00,0.00
2016-12-09,1250.00,1250.00,1250.00,1250.00,1250.00,0.00
2016-12-12,1250.00,1250.00,1250.00,1250.00,1250.00,0.00
2016-12-13,1250.00,1250.00,1250.00,1250.00,1250.00,0.00
2016-12-14,1250.00,1250.00,1250.00,1250.00,1250.00,0.00
2016-12-15,1250.00,1250.00,1250.00,1250.00,1250.00,0.00
2016-12-16,1250.00,1250.00,1250.00,1250.00,1250.00,0.00
2016-12-19,1250.00,1250.00,1250.00,1250.00,1250.00,0.00
2016-12-20,1250.00,1250.00,1250.00,1250.00,1250.00,0.00
2016-12-21,1250.00,1250.00,1250.00,1250.00,1250.00,0.00
2016-12-22,1250.00,1250.00,1250.00,1250.00,1250.00,0.00
2016-12-23,1250.00,1250.00,1250.00,1250.00,1250.00,0.00
2016-12-27,1250.00,1250.00,1250.00,1250.00,1250.00,0.00
2016-12-28,1250.00,1250.00,1250.00,1250.00,1250.00,0.00
2016-12-29,1250.00,1250.00,1250.00,1250.00,1250.00,0.00
2016-12-30,1250.00,1250.00,1250.00,1250.00,1250.00,0.00
2017-01-03,1250.00,1250.00,1250.00,1250.00,1250.00,0.00
2017-01-04,1250.00,1250.00,1250.00,1250.00,1250.00,0.00
2017-01-05,1250.00,1250.00,1250.00,1250.00,1250.00,0.00
2017-01-06,1250.00,1250.00,1250.00,1250.00,1250.00,0.00
2017-01-09,1250.00,1250.00,1250.00,1250.00,1250.00,0.00
2017-01-10,1250.00,1250.00,1250.00,1250.00,1250.00,0.00
2017-01-11,1250.00,1250.00,1250.00,1250.00,1250.00,0.00
2017-01-12,1250.00,1250.00,1250.00,1250.00,1250.00,0.00
2017-01-13,1250.00,1250.00,1250.00,1250.00,1250.00,0.00
2017-01-17,1250.00,1250.00,1250.00,1250.00,1250.00,0.00
2017-01-18,1250.00,1250.00,1250.00,1250.00,1250.00,0.00
2017-01-19,1250.00,1250.00,1250.00,1250.00,1250.00,0.00
2017-01-20,1250.00,1250.00,1250.00,1250.00,1250.00,0.00
2017-01-23,1250.00,1250.00,1250.00,1250.00,1250.00,0.00
2017-01-24,1400.00,1400.00,1400.00,1400.00,1400.00,100.00
2017-01-25,1400.00,1400.00,1400.00,1400.00,1400.00,0.00
2017-01-26,1400.00,1400.00,1400.00,1400.00,1400.00,0.00
2017-01-27,1500.00,1500.00,1500.00,1500.00,1500.00,100.00
2017-01-30,1500.00,1500.00,1500.00,1500.00,1500.00,0.00
2017-01-31,1500.00,1500.00,1500.00,1500.00,1500.00,0.00
2017-02-01,1500.00,1500.00,1500.00,1500.00,1500.00,0.00
2017-02-02,1500.00,1500.00,1500.00,1500.00,1500.00,0.00
2017-02-03,1500.00,1500.00,1500.00,1500.00,1500.00,0.00
2017-02-06,1500.00,1500.00,1500.00,1500.00,1500.00,0.00
2017-02-07,1500.00,1500.00,1500.00,1500.00,1500.00,0.00
2017-02-08,1500.00,1500.00,1500.00,1500.00,1500.00,0.00
2017-02-09,1500.00,1500.00,1500.00,1500.00,1500.00,0.00
2017-02-10,1500.00,1500.00,1500.00,1500.00,1500.00,0.00
2017-02-13,1500.00,1500.00,1500.00,1500.00,1500.00,0.00
2017-02-14,1500.00,1500.00,1500.00,1500.00,1500.00,0.00
2017-02-15,1500.00,1500.00,1500.00,1500.00,1500.00,0.00
2017-02-16,1500.00,1500.00,1500.00,1500.00,1500.00,0.00
2017-02-17,1500.00,1500.00,1500.00,1500.00,1500.00,0.00
2017-02-21,1500.00,1500.00,1500.00,1500.00,1500.00,0.00
2017-02-22,1500.00,1500.00,1500.00,1500.00,1500.00,0.00
2017-02-23,1500.00,1500.00,1500.00,1500.00,1500.00,0.00
2017-02-24,1500.00,1500.00,1500.00,1500.00,1500.00,0.00
2017-02-27,1500.00,1500.00,1500.00,1500.00,1500.00,0.00
2017-02-28,1500.00,1500.00,1500.00,1500.00,1500.00,0.00
2017-03-01,1500.00,1500.00,1500.00,1500.00,1500.00,0.00
2017-03-02,1500.00,1500.00,1500.00,1500.00,1500.00,0.00
2017-03-03,1500.00,1500.00,1500.00,1500.00,1500.00,0.00
2017-03-06,1500.00,1500.00,1500.00,1500.00,1500.00,0.00
2017-03-07,1500.00,1500.00,1500.00,1500.00,1500.00,0.00
2017-03-08,1500.00,1500.00,1500.00,1500.00,1500.00,0.00
2017-03-09,1500.00,1500.00,1500.00,1500.00,1500.00,0.00
2017-03-10,1500.00,1500.00,1500.00,1500.00,1500.00,0.00
2017-03-13,1500.00,1500.00,1500.00,1500.00,1500.00,0.00
2017-03-14,1500.00,1500.00,1500.00,1500.00,1500.00,0.00
2017-03-15,1500.00,1500.00,1500.00,1500.00,1500.00,0.00
2017-03-16,1500.00,1500.00,1500.00,1500.00,1500.00,0.00
2017-03-17,1500.00,1500.00,1500.00,1500.00,1500.00,0.00
2017-03-20,1500.00,1500.00,1500.00,1500.00,1500.00,0.00
2017-03-21,1500.00,1500.00,1500.00,1500.00,1500.00,0.00
2017-03-22,1500.00,1500.00,1500.00,1500.00,1500.00,0.00
2017-03-23,1500.00,1500.00,1500.00,1500.00,1500.00,0.00
2017-03-24,1500.00,1500.00,1500.00,1500.00,1500.00,0.00
2017-03-27,1500.00,1500.00,1500.00,1500.00,1500.00,0.00
2017-03-28,1500.00,1500.00,1500.00,1500.00,1500.00,0.00
2017-03-29,1500.00,1500.00,1500.00,1500.00,1500.00,0.00
2017-03-30,1500.00,1500.00,1500.00,1500.00,1500.00,0.00
2017-03-31,1500.00,1500.00,1500.00,1500.00,1500.00,0.00
2017-04-03,1500.00,1500.00,1500.00,1500.00,1500.00,0.00
2017-04-04,1500.00,1500.00,1500.00,1500.00,1500.00,0.00
2017-04-05,1500.00,1500.00,1500.00,1500.00,1500.00,0.00
2017-04-06,1500.00,1500.00,1500.00,1500.00,1500.00,0.00
2017-04-07,1500.00,1500.00,1500.00,1500.00,1500.00,0.00
2017-04-10,1500.00,1500.00,1500.00,1500.00,1500.00,0.00
2017-04-11,1500.00,1500.00,1500.00,1500.00,1500.00,0.00
2017-04-12,1500.00,1500.00,1500.00,1500.00,1500.00,0.00
2017-04-13,1500.00,1500.00,1500.00,1500.00,1500.00,0.00
2017-04-17,1500.00,1500.00,1500.00,1500.00,1500.00,0.00
2017-04-18,1850.00,1850.00,1850.00,1850.00,1850.00,100.00
2017-04-19,1850.00,1850.00,1850.00,1850.00,1850.00,0.00
2017-04-20,1850.00,1850.00,1850.00,1850.00,1850.00,2600.00
2017-04-21,1850.00,1850.00,1850.00,1850.00,1850.00,0.00
2017-04-24,1850.00,1850.00,1850.00,1850.00,1850.00,0.00
2017-04-25,1850.00,1850.00,1850.00,1850.00,1850.00,0.00
2017-04-26,1850.00,1850.00,1850.00,1850.00,1850.00,0.00
2017-04-27,1850.00,1850.00,1850.00,1850.00,1850.00,0.00
2017-04-28,1850.00,1970.00,1850.00,1850.00,1850.00,400.00
2017-05-01,1850.00,1850.00,1850.00,1850.00,1850.00,0.00
2017-05-02,1850.00,1850.00,1850.00,1850.00,1850.00,0.00
2017-05-03,1850.00,1850.00,1850.00,1850.00,1850.00,0.00
2017-05-04,1850.00,1850.00,1850.00,1850.00,1850.00,0.00
2017-05-05,1850.00,1850.00,1850.00,1850.00,1850.00,0.00
2017-05-08,1850.00,1850.00,1850.00,1850.00,1850.00,0.00
2017-05-09,1850.00,1850.00,1850.00,1850.00,1850.00,0.00
2017-05-10,1850.00,1850.00,1850.00,1850.00,1850.00,0.00
2017-05-11,1850.00,1850.00,1850.00,1850.00,1850.00,0.00
2017-05-12,1850.00,1850.00,1850.00,1850.00,1850.00,0.00
2017-05-15,1850.00,1850.00,1850.00,1850.00,1850.00,0.00
2017-05-16,1850.00,1850.00,1850.00,1850.00,1850.00,0.00
2017-05-17,1850.00,1850.00,1850.00,1850.00,1850.00,0.00
2017-05-18,1850.00,1850.00,1850.00,1850.00,1850.00,0.00
2017-05-19,1850.00,1850.00,1850.00,1850.00,1850.00,0.00
2017-05-22,1850.00,1850.00,1850.00,1850.00,1850.00,0.00
2017-05-23,1850.00,1850.00,1850.00,1850.00,1850.00,0.00
2017-05-24,1850.00,1850.00,1850.00,1850.00,1850.00,0.00
2017-05-25,1850.00,1850.00,1850.00,1850.00,1850.00,0.00
2017-05-26,1850.00,1850.00,1850.00,1850.00,1850.00,0.00
2017-05-30,1850.00,1850.00,1850.00,1850.00,1850.00,0.00
2017-05-31,1850.00,1850.00,1850.00,1850.00,1850.00,0.00
2017-06-01,1850.00,1850.00,1850.00,1850.00,1850.00,0.00
2017-06-02,1850.00,1850.00,1850.00,1850.00,1850.00,0.00
2017-06-05,1850.00,1850.00,1850.00,1850.00,1850.00,0.00
2017-06-06,1850.00,1850.00,1850.00,1850.00,1850.00,0.00
2017-06-07,2000.00,2000.00,2000.00,2000.00,2000.00,0.00
2017-06-08,2000.00,2000.00,2000.00,2000.00,2000.00,0.00
2017-06-09,2000.00,2000.00,2000.00,2000.00,2000.00,0.00
2017-06-12,2000.00,2000.00,2000.00,2000.00,2000.00,0.00
2017-06-13,2000.00,2000.00,2000.00,2000.00,2000.00,0.00
2017-06-14,2000.00,2000.00,2000.00,2000.00,2000.00,0.00
2017-06-15,2000.00,2000.00,2000.00,2000.00,2000.00,0.00
2017-06-16,2000.00,2000.00,2000.00,2000.00,2000.00,0.00
2017-06-19,2000.00,2000.00,2000.00,2000.00,2000.00,0.00
2017-06-20,2000.00,2000.00,2000.00,2000.00,2000.00,0.00
2017-06-21,2000.00,2000.00,2000.00,2000.00,2000.00,0.00
2017-06-22,2000.00,2000.00,2000.00,2000.00,2000.00,0.00
2017-06-23,2000.00,2000.00,2000.00,2000.00,2000.00,0.00
2017-06-26,2000.00,2000.00,2000.00,2000.00,2000.00,0.00
2017-06-27,2000.00,2000.00,2000.00,2000.00,2000.00,0.00
2017-06-28,2000.00,2000.00,2000.00,2000.00,2000.00,0.00
2017-06-29,2000.00,2000.00,2000.00,2000.00,2000.00,0.00
2017-06-30,2000.00,2000.00,2000.00,2000.00,2000.00,0.00
2017-07-03,2000.00,2000.00,2000.00,2000.00,2000.00,0.00
2017-07-05,2000.00,2000.00,2000.00,2000.00,2000.00,0.00
2017-07-06,2000.00,2000.00,2000.00,2000.00,2000.00,0.00
2017-07-07,2080.00,2080.00,2080.00,2080.00,2080.00,100.00
2017-07-10,2080.00,2080.00,2080.00,2080.00,2080.00,0.00
2017-07-11,2080.00,2080.00,2080.00,2080.00,2080.00,0.00
2017-07-12,2080.00,2080.00,2080.00,2080.00,2080.00,0.00
2017-07-13,2080.00,2080.00,2080.00,2080.00,2080.00,0.00
2017-07-14,2080.00,2080.00,2080.00,2080.00,2080.00,0.00
2017-07-17,2080.00,2080.00,2080.00,2080.00,2080.00,0.00
2017-07-18,2080.00,2080.00,2080.00,2080.00,2080.00,0.00
2017-07-19,2080.00,2080.00,2080.00,2080.00,2080.00,0.00
2017-07-20,2320.00,2320.00,2320.00,2320.00,2320.00,100.00
2017-07-21,2081.00,2081.00,2081.00,2081.00,2081.00,0.00
2017-07-24,2081.00,2081.00,2081.00,2081.00,2081.00,0.00
2017-07-25,2081.00,2081.00,2081.00,2081.00,2081.00,0.00
2017-07-26,2081.00,2081.00,2081.00,2081.00,2081.00,0.00
2017-07-27,2081.00,2081.00,2081.00,2081.00,2081.00,0.00
2017-07-28,2081.00,2081.00,2081.00,2081.00,2081.00,0.00
2017-07-31,2081.00,2081.00,2081.00,2081.00,2081.00,0.00
2017-08-01,2081.00,2081.00,2081.00,2081.00,2081.00,0.00
2017-08-02,2081.00,2081.00,2081.00,2081.00,2081.00,0.00
2017-08-03,2081.00,2081.00,2081.00,2081.00,2081.00,0.00
2017-08-04,2081.00,2081.00,2081.00,2081.00,2081.00,0.00
2017-08-07,2081.00,2081.00,2081.00,2081.00,2081.00,0.00
2017-08-08,2081.00,2081.00,2081.00,2081.00,2081.00,0.00
2017-08-09,2081.00,2081.00,2081.00,2081.00,2081.00,0.00
2017-08-10,2081.00,2081.00,2081.00,2081.00,2081.00,0.00
2017-08-11,2081.00,2081.00,2081.00,2081.00,2081.00,0.00
2017-08-14,2081.00,2081.00,2081.00,2081.00,2081.00,0.00
2017-08-15,2100.00,2100.00,2100.00,2100.00,2100.00,0.00
2017-08-16,2100.00,2100.00,2100.00,2100.00,2100.00,0.00
2017-08-17,2100.00,2100.00,2100.00,2100.00,2100.00,0.00
2017-08-18,2100.00,2100.00,2100.00,2100.00,2100.00,0.00
2017-08-21,2100.00,2100.00,2100.00,2100.00,2100.00,0.00
2017-08-22,2030.00,2030.00,2030.00,2030.00,2030.00,100.00
2017-08-23,2020.00,2020.00,2000.00,2020.00,2020.00,100.00
2017-08-24,2000.00,2000.00,1900.00,2000.00,2000.00,100.00
2017-08-25,2000.00,2000.00,2000.00,2000.00,2000.00,0.00
2017-08-28,1950.00,1950.00,1900.00,1950.00,1950.00,100.00
2017-08-29,1950.00,1950.00,1950.00,1950.00,1950.00,0.00
2017-08-30,1950.00,1950.00,1950.00,1950.00,1950.00,0.00
2017-08-31,1950.00,1950.00,1950.00,1950.00,1950.00,0.00
2017-09-01,1975.00,1975.00,1975.00,1975.00,1975.00,100.00
2017-09-05,1975.00,1975.00,1975.00,1975.00,1975.00,0.00
2017-09-06,1975.00,1975.00,1975.00,1975.00,1975.00,0.00
2017-09-07,1975.00,1975.00,1975.00,1975.00,1975.00,0.00
2017-09-08,1975.00,1975.00,1975.00,1975.00,1975.00,0.00
2017-09-11,2100.00,2100.00,2100.00,2100.00,2100.00,100.00
2017-09-12,2100.00,2100.00,2100.00,2100.00,2100.00,0.00
2017-09-13,2100.00,2100.00,2100.00,2100.00,2100.00,0.00
2017-09-14,2100.00,2100.00,2100.00,2100.00,2100.00,0.00
2017-09-15,2100.00,2100.00,2100.00,2100.00,2100.00,0.00
2017-09-18,2100.00,2100.00,2100.00,2100.00,2100.00,0.00
2017-09-19,2100.00,2100.00,2100.00,2100.00,2100.00,0.00
2017-09-20,2100.00,2100.00,2100.00,2100.00,2100.00,0.00
2017-09-21,2100.00,2100.00,2100.00,2100.00,2100.00,0.00
2017-09-22,2100.00,2100.00,2100.00,2100.00,2100.00,0.00
2017-09-25,2100.00,2100.00,2100.00,2100.00,2100.00,0.00
2017-09-26,2100.00,2100.00,2100.00,2100.00,2100.00,0.00
2017-09-27,2150.00,2150.00,2150.00,2150.00,2150.00,100.00
2017-09-28,2150.00,2150.00,2150.00,2150.00,2150.00,0.00
2017-09-29,2150.00,2150.00,2150.00,2150.00,2150.00,0.00
2017-10-02,2150.00,2150.00,2150.00,2150.00,2150.00,0.00
2017-10-03,2150.00,2150.00,2150.00,2150.00,2150.00,100.00
2017-10-04,2150.00,2150.00,2150.00,2150.00,2150.00,0.00
2017-10-05,2150.00,2150.00,2150.00,2150.00,2150.00,0.00
2017-10-06,2150.00,2150.00,2150.00,2150.00,2150.00,0.00
2017-10-09,2150.00,2150.00,2150.00,2150.00,2150.00,0.00
2017-10-10,2150.00,2150.00,2150.00,2150.00,2150.00,0.00
2017-10-11,2150.00,2150.00,2150.00,2150.00,2150.00,0.00
2017-10-12,2150.00,2150.00,2150.00,2150.00,2150.00,0.00
2017-10-13,2150.00,2150.00,2150.00,2150.00,2150.00,0.00
2017-10-16,2150.00,2150.00,2150.00,2150.00,2150.00,0.00
2017-10-17,2150.00,2150.00,2150.00,2150.00,2150.00,0.00
2017-10-18,2150.00,2150.00,2150.00,2150.00,2150.00,0.00
2017-10-19,2150.00,2150.00,2150.00,2150.00,2150.00,0.00
2017-10-20,2150.00,2150.00,2150.00,2150.00,2150.00,0.00
2017-10-23,2150.00,2150.00,2150.00,2150.00,2150.00,0.00
2017-10-24,2150.00,2150.00,2150.00,2150.00,2150.00,0.00
2017-10-25,2150.00,2150.00,2150.00,2150.00,2150.00,0.00
2017-10-26,2150.00,2150.00,2150.00,2150.00,2150.00,0.00
2017-10-27,2150.00,2150.00,2150.00,2150.00,2150.00,0.00
2017-10-30,2150.00,2150.00,2150.00,2150.00,2150.00,0.00
2017-10-31,2150.00,2150.00,2150.00,2150.00,2150.00,0.00
2017-11-01,2150.00,2150.00,2150.00,2150.00,2150.00,0.00
2017-11-02,2150.00,2150.00,2150.00,2150.00,2150.00,0.00
2017-11-03,2450.00,2450.00,2450.00,2450.00,2450.00,100.00
2017-11-06,2400.00,2400.00,2400.00,2400.00,2400.00,100.00
2017-11-07,2400.00,2400.00,2400.00,2400.00,2400.00,0.00
2017-11-08,2400.00,2400.00,2400.00,2400.00,2400.00,0.00
2017-11-09,2400.00,2400.00,2400.00,2400.00,2400.00,0.00
2017-11-10,2400.00,2400.00,2400.00,2400.00,2400.00,0.00
2017-11-13,2400.00,2400.00,2400.00,2400.00,2400.00,0.00
2017-11-14,2400.00,2400.00,2400.00,2400.00,2400.00,0.00
2017-11-15,2400.00,2400.00,2400.00,2400.00,2400.00,0.00
2017-11-16,2400.00,2400.00,2400.00,2400.00,2400.00,0.00
2017-11-17,2400.00,2400.00,2400.00,2400.00,2400.00,0.00
2017-11-20,2400.00,2400.00,2400.00,2400.00,2400.00,0.00
2017-11-21,2400.00,2400.00,2400.00,2400.00,2400.00,0.00
2017-11-22,2400.00,2400.00,2400.00,2400.00,2400.00,0.00
2017-11-24,2400.00,2400.00,2400.00,2400.00,2400.00,0.00
2017-11-27,2400.00,2400.00,2400.00,2400.00,2400.00,0.00
2017-11-28,2400.00,2400.00,2400.00,2400.00,2400.00,0.00
2017-11-29,2400.00,2400.00,2400.00,2400.00,2400.00,0.00
2017-11-30,2400.00,2400.00,2400.00,2400.00,2400.00,0.00
2017-12-01,2400.00,2400.00,2400.00,2400.00,2400.00,0.00
2017-12-04,2400.00,2400.00,2400.00,2400.00,2400.00,0.00
2017-12-04,0.00,0.00,0.00,2280.00,2280.00,0.00
2017-12-05,2400.00,2400.00,2400.00,2400.00,2400.00,0.00
